id;дата;час;заголовок;ссылка;показы;открытия;дочитывания;минуты;лайки;комментарии;подписки;CTR;дочитываемость;лайки_на_дочит;комм_на_дочит;подписки_на_дочит;сцена;функция;порог_входа;фокус;объект_осуждения;цифра_в_заголовке;негативная_рамка;вопрос;обращение_вы;конкретный_якорь;спорность;серийная_рубрика;уверенность_разметки
A622;2023-03-28;12;Моя удачная борьба со стрессом;https://dzen.ru/media/id/63dd27aac30ab522dcce48b3/64229198c9b8b77e077b9be0;10922;215;154;10;25;2;1;0.0197;0.7163;0.1623;0.013;0.0065;прочее;познавательное;бытовая;нейтрально;нет;0;0;0;0;0;0;0;низкая
A621;2023-04-04;17;Сервировка стола;https://dzen.ru/media/id/63dd27aac30ab522dcce48b3/642bf9d9a867c062828e1b44;371572;22787;13180;7251;1029;82;210;0.0613;0.5784;0.0781;0.0062;0.0159;стол_еда;польза;бытовая;нейтрально;нет;0;0;0;0;0;0;0;высокая
A620;2023-04-22;11;Этот лайфхак столового этикета всегда в ваших руках;https://dzen.ru/media/id/63dd27aac30ab522dcce48b3/64439ac06195f63c2e8f23f8;40126;1754;1205;495;183;3;13;0.0437;0.687;0.1519;0.0025;0.0108;стол_еда;польза;бытовая;читатель;нет;0;0;0;1;0;0;0;высокая
A619;2023-05-27;17;Формальный и неформальный деловой дресс-код;https://dzen.ru/media/id/63dd27aac30ab522dcce48b3/647202eb0686372682c08f10;219296;9471;5271;5471;164;15;37;0.0432;0.5565;0.0311;0.0028;0.007;внешний_вид;польза;бытовая;читатель;нет;0;0;0;0;1;0;0;высокая
A618;2023-08-09;15;Этикет: ваш личный компас;https://dzen.ru/media/id/63dd27aac30ab522dcce48b3/64d26e412f59ab3263fedea4;12515;451;288;315;77;3;5;0.036;0.6386;0.2674;0.0104;0.0174;прочее;разъяснение_нормы;бытовая;читатель;нет;0;0;0;1;0;0;0;низкая
A617;2023-08-10;11;Страх или безответственность?;https://dzen.ru/media/id/63dd27aac30ab522dcce48b3/64d36eaac09280390d1dbe7b;199045;11970;5406;6001;281;21;33;0.0601;0.4516;0.052;0.0039;0.0061;прочее;разбор_чужого_поведения;бытовая;третьи_лица;нет;0;1;1;0;0;0;0;низкая
A616;2023-08-16;13;Управление стрессом на рабочем месте: практические советы;https://dzen.ru/media/id/63dd27aac30ab522dcce48b3/64dc7b0a5d7a31683f99e2f3;132789;4838;2057;2047;118;5;18;0.0364;0.4252;0.0574;0.0024;0.0088;работа;польза;бытовая;читатель;нет;0;0;0;0;1;0;0;высокая
A615;2023-08-19;12;Этикет в музее: Путеводитель по уважительному взаимодействию с искусством;https://dzen.ru/media/id/63dd27aac30ab522dcce48b3/64e08d9da5f0c931a9263d04;19075;709;379;347;98;16;4;0.0372;0.5346;0.2586;0.0422;0.0106;публичные_места_транспорт;польза;бытовая;нейтрально;нет;0;0;0;0;1;0;0;высокая
A614;2023-10-10;16;Шпаргалка: Как ответить на вакансию и произвести впечатление;https://dzen.ru/media/id/63dd27aac30ab522dcce48b3/65251755c095b8411ac6763a;279905;11292;4480;6461;122;32;83;0.0403;0.3967;0.0272;0.0071;0.0185;работа;польза;бытовая;читатель;нет;0;0;0;0;1;0;0;высокая
A613;2023-10-12;17;Эмоциональное равновесие: как справляться с грубостью и сохранять спокойствие;https://dzen.ru/media/id/63dd27aac30ab522dcce48b3/6527d7f342b2122b751f0da0;761072;21093;8935;5393;334;75;56;0.0277;0.4236;0.0374;0.0084;0.0063;отношения_общение;польза;бытовая;читатель;нет;0;1;0;0;1;0;0;высокая
A612;2023-10-14;19;Как правильно сидеть даме по этикету: 3 лучших варианта;https://dzen.ru/media/id/63dd27aac30ab522dcce48b3/652aa96b5a70464fa106de4e;1359452;91932;68014;47005;2202;150;243;0.0676;0.7398;0.0324;0.0022;0.0036;внешний_вид;польза;бытовая;читатель;нет;1;0;0;0;1;0;0;высокая
A610;2023-10-16;22;Этикет под зонтом;https://dzen.ru/media/id/63dd27aac30ab522dcce48b3/652d8e648365541c39aaf587;86586;5435;3364;3118;167;15;14;0.0628;0.619;0.0496;0.0045;0.0042;публичные_места_транспорт;польза;бытовая;нейтрально;нет;0;0;0;0;1;0;0;высокая
A611;2023-10-16;20;Этикет под зонтом;https://dzen.ru/media/id/63dd27aac30ab522dcce48b3/652d6ac68365541c395aec7f;0;0;0;4;0;0;0;;;;;;публичные_места_транспорт;польза;бытовая;читатель;нет;0;0;0;0;1;0;0;высокая
A609;2023-10-17;19;Интервью с педагогом из города Ростов-на-Дону о школьном этикете;https://dzen.ru/media/id/63dd27aac30ab522dcce48b3/652eab126bbf9502d078f6f3;152171;7857;2974;1955;55;12;16;0.0516;0.3785;0.0185;0.004;0.0054;прочее;познавательное;узкая;нейтрально;нет;0;0;0;0;1;0;0;высокая
A608;2023-10-18;20;Как подготовиться к интервью;https://dzen.ru/media/id/63dd27aac30ab522dcce48b3/653004280966b827aab9dd12;11383;185;74;139;14;0;0;0.0163;0.4;;;;работа;польза;бытовая;читатель;нет;0;0;0;0;1;0;0;низкая
A607;2023-10-20;12;Этикет в начальной школе. Практика и теория. Интервью с учителем из школы Нижнего Новгорода.;https://dzen.ru/media/id/63dd27aac30ab522dcce48b3/6532486442603874aaa3139e;125780;5053;2328;1932;34;4;9;0.0402;0.4607;0.0146;0.0017;0.0039;прочее;познавательное;узкая;нейтрально;нет;0;0;0;0;1;0;0;высокая
A606;2023-10-22;11;Вежливое «Нет»: как отказать и не разрушить рабочие отношения;https://dzen.ru/media/id/63dd27aac30ab522dcce48b3/65340ea3e82387673fab2b1c;354144;21688;8695;5764;218;47;48;0.0612;0.4009;0.0251;0.0054;0.0055;работа;польза;бытовая;читатель;нет;0;1;0;0;1;0;0;высокая
A605;2023-10-24;15;Чайный этикет;https://dzen.ru/media/id/63dd27aac30ab522dcce48b3/6536dba1ac1eaf2192746f13;40375;2732;1773;1989;95;4;19;0.0677;0.649;0.0536;0.0023;0.0107;стол_еда;польза;бытовая;нейтрально;нет;0;0;0;0;1;0;0;высокая
A604;2023-10-26;10;10 жестов и их значения в разных странах;https://dzen.ru/media/id/63dd27aac30ab522dcce48b3/6533ec03dfbed1522e94b94a;605326;31962;24061;26062;416;69;97;0.0528;0.7528;0.0173;0.0029;0.004;отношения_общение;познавательное;бытовая;нейтрально;нет;1;0;0;0;1;0;0;высокая
A603;2023-10-28;10;Этикет и деловой имидж: уроки для будущего;https://dzen.ru/media/id/63dd27aac30ab522dcce48b3/653ca6b66a06345c86072afa;18268;327;178;215;38;5;4;0.0179;0.5443;0.2135;0.0281;0.0225;работа;польза;бытовая;нейтрально;нет;0;0;0;0;0;0;0;низкая
A602;2023-10-30;15;Красная помада в деловом макияже;https://dzen.ru/media/id/63dd27aac30ab522dcce48b3/653f97cadf966c757041e7b8;62827;2110;1170;1065;73;5;13;0.0336;0.5545;0.0624;0.0043;0.0111;внешний_вид;разъяснение_нормы;бытовая;нейтрально;нет;0;0;0;0;1;1;0;высокая
A601;2023-11-01;14;Тонкости невербального общения: Положение рук;https://dzen.ru/media/id/63dd27aac30ab522dcce48b3/6542123b458b143fc2d3a8a2;1835986;58001;44271;48079;904;48;194;0.0316;0.7633;0.0204;0.0011;0.0044;отношения_общение;польза;бытовая;нейтрально;нет;0;0;0;0;1;0;0;высокая
A600;2023-11-03;19;Этикет переписки в групповых рабочих чатах;https://dzen.ru/media/id/63dd27aac30ab522dcce48b3/654508c3a5af4a380cd486d8;51028;1910;591;571;38;1;6;0.0374;0.3094;0.0643;0.0017;0.0102;цифровое_общение;польза;бытовая;читатель;нет;0;0;0;0;1;0;0;высокая
A599;2023-11-05;19;Новая подиумная коллекция российского бренда USHATÁVA;https://dzen.ru/media/id/63dd27aac30ab522dcce48b3/6547bb44b8dcae73a89d3a23;15139;834;396;165;25;1;3;0.0551;0.4748;0.0631;0.0025;0.0076;внешний_вид;познавательное;узкая;нейтрально;нет;0;0;0;0;1;0;0;высокая
A598;2023-11-07;17;Бранч-фуршет;https://dzen.ru/media/id/63dd27aac30ab522dcce48b3/654a4ae388bda60cad86e64f;7646;237;144;165;32;1;2;0.031;0.6076;0.2222;0.0069;0.0139;стол_еда;познавательное;узкая;нейтрально;нет;0;0;0;0;1;0;0;низкая
A597;2023-11-09;18;Воссоздание эпохи: моя работа на Красной площади;https://dzen.ru/media/id/63dd27aac30ab522dcce48b3/654cf3a65fbdb06733de78de;9154;288;125;93;39;4;1;0.0315;0.434;0.312;0.032;0.008;прочее;познавательное;узкая;нейтрально;нет;0;0;0;0;1;0;0;высокая
A596;2023-11-11;15;Этикет в поезде: комфортное пространство для всех пассажиров;https://dzen.ru/media/id/63dd27aac30ab522dcce48b3/654f6decef61d67414350bb8;1099976;73652;49789;54679;1262;303;194;0.067;0.676;0.0253;0.0061;0.0039;публичные_места_транспорт;польза;бытовая;нейтрально;нет;0;0;0;0;1;0;0;высокая
A595;2023-11-13;19;Новый год: что дарить?;https://dzen.ru/media/id/63dd27aac30ab522dcce48b3/6551082b11ee265e6c903f9c;117444;1426;835;462;37;2;5;0.0121;0.5856;0.0443;0.0024;0.006;гости_праздники;польза;бытовая;читатель;нет;0;0;1;0;1;0;0;высокая
A594;2023-11-15;19;"Лекция ""Образ Будущего"": Этикет для молодых джентльменов";https://dzen.ru/media/id/63dd27aac30ab522dcce48b3/6554e71e3b3f472e351ad680;8239;226;111;91;30;4;1;0.0274;0.4912;0.2703;0.036;0.009;прочее;познавательное;узкая;нейтрально;нет;0;0;0;0;1;0;0;высокая
A593;2023-11-17;17;Что этикет думает про жевательную резинку?;https://dzen.ru/media/id/63dd27aac30ab522dcce48b3/65576b9c1e1bd141ad1fcddc;22626;4007;2685;2306;112;21;5;0.1771;0.6701;0.0417;0.0078;0.0019;публичные_места_транспорт;разъяснение_нормы;бытовая;нейтрально;нет;0;0;1;0;1;1;0;низкая
A592;2023-11-19;16;Ответы на вопросы: часть 1;https://dzen.ru/media/id/63dd27aac30ab522dcce48b3/6559220765e2fc0570db50e8;21497;859;523;507;69;5;7;0.04;0.6088;0.1319;0.0096;0.0134;прочее;польза;бытовая;нейтрально;нет;1;0;0;0;0;0;1;низкая
A591;2023-11-21;13;Как разрешить конфликт, которого вы не хотите?;https://dzen.ru/media/id/63dd27aac30ab522dcce48b3/655c579c8a74061665ac7e17;1006263;77588;47089;58070;1247;232;293;0.0771;0.6069;0.0265;0.0049;0.0062;отношения_общение;польза;бытовая;читатель;нет;0;0;1;1;0;0;0;высокая
A590;2023-11-23;18;Этикет на распродаже. Как пережить чёрную пятницу?;https://dzen.ru/media/id/63dd27aac30ab522dcce48b3/655f6532aad3ac18d32a32cc;2220;108;80;69;21;0;0;0.0486;0.7407;;;;публичные_места_транспорт;польза;бытовая;читатель;нет;0;0;1;0;1;0;0;высокая
A589;2023-11-25;12;Цифровой этикет: как сохранить репутацию в социальной сети?;https://dzen.ru/media/id/63dd27aac30ab522dcce48b3/6561ade565c1165014b369c1;22790;650;365;366;60;3;9;0.0285;0.5615;0.1644;0.0082;0.0247;цифровое_общение;польза;бытовая;читатель;нет;0;0;1;0;1;0;0;высокая
A588;2023-11-27;13;Что делать, если запах коллеги душит?;https://dzen.ru/media/id/63dd27aac30ab522dcce48b3/65645eaa84ef1976903f5a5e;1125944;99629;66488;57393;1197;665;134;0.0885;0.6674;0.018;0.01;0.002;работа;польза;бытовая;читатель;коллеги_начальство;0;1;1;0;1;0;0;высокая
A587;2023-11-29;16;"Знакомство со скульптурой и кино ХХ века. Последние дни, чтобы посетить выставку ""Сопряжение форм""";https://dzen.ru/media/id/63dd27aac30ab522dcce48b3/656738da88cffc7a8f1a60f3;4358;102;47;41;15;1;1;0.0234;0.4608;;;;история_высший_свет;познавательное;узкая;нейтрально;нет;0;0;0;0;1;0;0;высокая
A586;2023-12-01;19;Передарить подарок - дурной тон?;https://dzen.ru/media/id/63dd27aac30ab522dcce48b3/656a0473f87caa53d311c53f;387211;19516;12031;11245;331;79;25;0.0504;0.6165;0.0275;0.0066;0.0021;гости_праздники;разъяснение_нормы;бытовая;нейтрально;нет;0;1;1;0;1;1;0;высокая
A585;2023-12-03;19;Корпоративные подарки: что уместно дарить на работе?;https://dzen.ru/media/id/63dd27aac30ab522dcce48b3/656c93a39894eb7840c34401;393040;21787;13967;11581;93;12;27;0.0554;0.6411;0.0067;0.0009;0.0019;работа;польза;бытовая;нейтрально;нет;0;0;1;0;1;0;0;высокая
A584;2023-12-05;20;Давайте перейдём на «ты». Речевой этикет в общении с незнакомыми людьми.;https://dzen.ru/media/id/63dd27aac30ab522dcce48b3/656f51e5b7c55f2e680040a0;1644192;67905;42225;48636;1512;466;292;0.0413;0.6218;0.0358;0.011;0.0069;отношения_общение;разъяснение_нормы;бытовая;нейтрально;нет;0;0;0;0;1;1;0;высокая
A583;2023-12-07;19;Ответы на вопросы: часть 2;https://dzen.ru/media/id/63dd27aac30ab522dcce48b3/6571ca17b52b316f42dafe14;10091;436;236;341;56;3;3;0.0432;0.5413;0.2373;0.0127;0.0127;прочее;польза;бытовая;нейтрально;нет;1;0;0;0;0;0;1;низкая
A582;2023-12-09;17;Как вести себя в театре? Правила культуры поведения;https://dzen.ru/media/id/63dd27aac30ab522dcce48b3/65747c014f0304257d9b7448;1714152;62611;44092;66491;1946;609;317;0.0365;0.7042;0.0441;0.0138;0.0072;публичные_места_транспорт;польза;бытовая;читатель;нет;0;0;1;0;1;0;0;высокая
A581;2023-12-11;19;Правила использования тестеров в магазинах косметики;https://dzen.ru/media/id/63dd27aac30ab522dcce48b3/657730d36dbe6b1938eb80ff;970562;39773;27868;36840;611;111;96;0.041;0.7007;0.0219;0.004;0.0034;публичные_места_транспорт;польза;бытовая;читатель;нет;0;0;0;0;1;0;0;высокая
A580;2023-12-13;13;Как сохранить лицо во время корпоратива?;https://dzen.ru/media/id/63dd27aac30ab522dcce48b3/65797cf1d536e822e776825d;875035;33209;23110;28651;256;291;79;0.038;0.6959;0.0111;0.0126;0.0034;работа;польза;бытовая;читатель;нет;0;0;1;0;1;0;0;высокая
A579;2023-12-15;13;Ярмарки в уходящем году: куда стоит сходить в декабре в Санкт-Петербурге?;https://dzen.ru/media/id/63dd27aac30ab522dcce48b3/657c0ccc6aba5b2d76bef1bd;5490;290;170;133;25;2;0;0.0528;0.5862;0.1471;0.0118;0.0;прочее;познавательное;узкая;читатель;нет;0;0;1;0;1;0;1;высокая
A578;2023-12-17;12;Винтажные подарки – штучный товар для ценителей;https://dzen.ru/media/id/63dd27aac30ab522dcce48b3/657eb11a83b4b95986426920;358062;14420;10015;7260;190;19;27;0.0403;0.6945;0.019;0.0019;0.0027;гости_праздники;познавательное;узкая;нейтрально;нет;0;0;0;0;1;0;0;высокая
A577;2023-12-19;13;Пустая беседа или искусство непринуждённого диалога?;https://dzen.ru/media/id/63dd27aac30ab522dcce48b3/65815ca869ac86089c7d1a62;1010120;26263;13563;20496;405;87;142;0.026;0.5164;0.0299;0.0064;0.0105;отношения_общение;разъяснение_нормы;бытовая;нейтрально;нет;0;0;1;0;0;0;0;высокая
A576;2023-12-21;12;Новогодняя экскурсия на Ленфильме и мастер-класс по гриму. Про кинематограф с обратной стороны экрана.;https://dzen.ru/media/id/63dd27aac30ab522dcce48b3/658312b02df2b36839247d12;4982;160;95;103;18;3;1;0.0321;0.5938;;;;прочее;познавательное;узкая;нейтрально;нет;0;0;0;0;1;0;0;низкая
A575;2023-12-23;12;Возродить традиции русского застолья легко, когда есть Багетная мастерская;https://dzen.ru/media/id/63dd27aac30ab522dcce48b3/6585d80041d6bb6c24552ea4;7490;219;145;191;23;9;3;0.0292;0.6621;0.1586;0.0621;0.0207;стол_еда;познавательное;бытовая;нейтрально;нет;0;0;0;0;1;0;0;низкая
A574;2023-12-25;15;События трёхсотлетней давности на совместном экране. Премьера киноленты о царе Петре I;https://dzen.ru/media/id/63dd27aac30ab522dcce48b3/65896ef339c6e24c8b4a458e;2231;44;21;25;13;8;0;0.0197;;;;;история_высший_свет;познавательное;узкая;нейтрально;нет;1;0;0;0;1;0;0;высокая
A573;2023-12-27;13;Файер шоу на вашем балконе. Как не остаться без окон в январе;https://dzen.ru/media/id/63dd27aac30ab522dcce48b3/658b46eabff6e67336619e7b;3560;62;33;24;18;0;0;0.0174;;;;;гости_праздники;польза;бытовая;читатель;нет;0;1;0;1;1;0;0;высокая
A572;2023-12-29;12;Как быть зайцем на алкогольном вечере?;https://dzen.ru/media/id/63dd27aac30ab522dcce48b3/658e82b52eb5c11b9676b96b;1294592;97308;62133;85501;1113;294;278;0.0752;0.6385;0.0179;0.0047;0.0045;гости_праздники;польза;бытовая;читатель;нет;0;0;1;0;1;0;0;высокая
A571;2023-12-31;13;А вы знали, что до 1699 года Новый год в России отмечали в сентябре? Именно в этом году Пётр I объявил о новом летоисчислении.;https://dzen.ru/media/id/63dd27aac30ab522dcce48b3/6590965195509b2d84458681;10070;507;227;287;34;12;1;0.0503;0.4477;0.1498;0.0529;0.0044;история_высший_свет;познавательное;узкая;нейтрально;нет;1;0;1;1;1;0;0;высокая
A570;2024-01-02;13;Золушка потеряла туфельку, а я - тиару. Бал на корабле в канун Нового года;https://dzen.ru/media/id/63dd27aac30ab522dcce48b3/6593db9a1f823614d3245261;13345;410;275;478;55;3;2;0.0307;0.6707;0.2;0.0109;0.0073;история_высший_свет;познавательное;узкая;нейтрально;нет;0;0;0;0;1;0;0;высокая
A569;2024-01-04;13;Ходить по лезвию: правила поведения на общественных катках;https://dzen.ru/media/id/63dd27aac30ab522dcce48b3/65966eebeb35721ecb8570c0;26140;1472;353;376;31;4;3;0.0563;0.2398;0.0878;0.0113;0.0085;публичные_места_транспорт;польза;бытовая;нейтрально;нет;0;0;0;0;1;0;0;высокая
A568;2024-01-06;11;Этикет в фотостудии;https://dzen.ru/media/id/63dd27aac30ab522dcce48b3/65990eefc767be610dafb991;14844;382;225;236;29;1;2;0.0257;0.589;0.1289;0.0044;0.0089;публичные_места_транспорт;польза;узкая;читатель;нет;0;0;0;0;1;0;0;низкая
A567;2024-01-08;11;«Вот зачем нужен этикет», - подумала я, когда лакей подал зеленый горошек, который с изумлением изучали все гости.;https://dzen.ru/media/id/63dd27aac30ab522dcce48b3/659bb02b2a04ce11257e2938;545516;62401;45846;53647;843;354;169;0.1144;0.7347;0.0184;0.0077;0.0037;стол_еда;познавательное;узкая;третьи_лица;гости;0;0;0;0;1;0;0;высокая
A566;2024-01-10;12;Как стать лучшим гостем на чужом дне рождения;https://dzen.ru/media/id/63dd27aac30ab522dcce48b3/659d05c5b296f85363feeead;1649422;123911;87332;130682;2253;348;382;0.0751;0.7048;0.0258;0.004;0.0044;гости_праздники;польза;бытовая;читатель;нет;0;0;0;0;1;0;0;высокая
A565;2024-01-12;18;Закрой глаза и загадай желание!;https://dzen.ru/media/id/63dd27aac30ab522dcce48b3/65a0dfdad99f650ca42a7a52;67893;2305;1121;870;69;5;19;0.034;0.4863;0.0616;0.0045;0.0169;гости_праздники;познавательное;бытовая;читатель;нет;0;0;0;0;0;0;0;низкая
A564;2024-01-14;11;Траурный этикет. О чём сложно говорить, но нужно знать каждому;https://dzen.ru/media/id/63dd27aac30ab522dcce48b3/65a38efe44abe535e13e905d;3916793;345827;242185;338491;5758;1041;1219;0.0883;0.7003;0.0238;0.0043;0.005;прочее;польза;бытовая;читатель;нет;0;0;0;0;1;0;0;высокая
A563;2024-01-16;12;Социально-образовательный проект «Образ будущего»;https://dzen.ru/media/id/63dd27aac30ab522dcce48b3/65a58c49e093670734455e49;8878;449;195;174;41;3;2;0.0506;0.4343;0.2103;0.0154;0.0103;прочее;познавательное;узкая;нейтрально;нет;0;0;0;0;1;0;0;низкая
A562;2024-01-18;14;Сладкая кукуруза, с днём рождения!;https://dzen.ru/media/id/63dd27aac30ab522dcce48b3/65a81a7c335af54b4b43da2a;8709;504;324;275;49;7;2;0.0579;0.6429;0.1512;0.0216;0.0062;прочее;познавательное;бытовая;нейтрально;нет;0;0;0;0;1;0;0;низкая
A561;2024-01-20;12;Этикет как волшебная таблетка от эгоизма;https://dzen.ru/media/id/63dd27aac30ab522dcce48b3/65aa7d3a5d43777ffc9904bd;48184;882;500;393;93;6;8;0.0183;0.5669;0.186;0.012;0.016;прочее;разъяснение_нормы;бытовая;нейтрально;нет;0;0;0;0;0;0;0;низкая
A560;2024-01-22;12;Тональник должен остаться на лице. Этикет в магазине вещей;https://dzen.ru/media/id/63dd27aac30ab522dcce48b3/65ae2112612efc41c8a63587;560608;31452;22072;26342;285;131;58;0.0561;0.7018;0.0129;0.0059;0.0026;публичные_места_транспорт;польза;бытовая;читатель;нет;0;0;0;0;1;1;0;высокая
A559;2024-01-24;12;Как путешествовать с животными. Правила проезда в поезде;https://dzen.ru/media/id/63dd27aac30ab522dcce48b3/65b0ced4c5eb1b4dc153b62e;17921;358;245;178;33;11;3;0.02;0.6844;0.1347;0.0449;0.0122;публичные_места_транспорт;польза;узкая;читатель;нет;0;0;0;0;1;0;0;высокая
A558;2024-01-26;14;Этикет мороженого. Что общего у фруктов и снега?;https://dzen.ru/media/id/63dd27aac30ab522dcce48b3/65b35b10a4f0b521043de3d8;130552;1102;630;591;72;15;1;0.0084;0.5717;0.1143;0.0238;0.0016;стол_еда;польза;бытовая;нейтрально;нет;0;0;1;0;1;0;0;высокая
A557;2024-01-28;12;Современный человек. Какой он? Социальный проект «Образ Будущего»;https://dzen.ru/media/id/63dd27aac30ab522dcce48b3/65b3c7e8fa240c5e6134b62d;12248;865;390;325;105;7;14;0.0706;0.4509;0.2692;0.0179;0.0359;прочее;познавательное;узкая;нейтрально;нет;0;0;1;0;1;0;0;низкая
A556;2024-01-30;12;8 книг по этикету, которые сделают вас любимым собеседником или желанным партнёром по бизнесу.;https://dzen.ru/media/id/63dd27aac30ab522dcce48b3/65b8a9a2ddb34e045460e434;624285;12484;7066;6535;161;15;94;0.02;0.566;0.0228;0.0021;0.0133;прочее;познавательное;бытовая;читатель;нет;1;0;0;1;1;0;0;высокая
A555;2024-02-01;12;Bonjour! Французская не местная булочка, которая завоевала сердце не только Парижа;https://dzen.ru/media/id/63dd27aac30ab522dcce48b3/65bb5dfb168cdf5c397c9920;17288;574;359;404;60;4;8;0.0332;0.6254;0.1671;0.0111;0.0223;стол_еда;познавательное;узкая;нейтрально;нет;0;0;0;0;1;0;0;высокая
A554;2024-02-03;12;Как быть, если по понедельникам рабочий е-мейл трещит по швам от писем?;https://dzen.ru/media/id/63dd27aac30ab522dcce48b3/65bdf4f4ff094971f0a10338;248614;6136;1866;1588;64;18;16;0.0247;0.3041;0.0343;0.0096;0.0086;цифровое_общение;польза;бытовая;читатель;нет;0;0;1;0;1;0;0;высокая
A553;2024-02-05;13;Как красиво ответить, если вам хамят в лицо?;https://dzen.ru/media/id/63dd27aac30ab522dcce48b3/65c07cba45d96a12fdfda2e7;14250473;1139298;744473;728963;16198;3262;2494;0.0799;0.6534;0.0218;0.0044;0.0034;отношения_общение;польза;бытовая;читатель;нет;0;1;1;1;1;0;0;высокая
A552;2024-02-07;13;Если друг отписался вдруг…;https://dzen.ru/media/id/63dd27aac30ab522dcce48b3/65c33c890f01582226c885c0;88097;7420;4338;3510;188;64;23;0.0842;0.5846;0.0433;0.0148;0.0053;цифровое_общение;разбор_чужого_поведения;бытовая;третьи_лица;нет;0;0;0;0;1;0;0;низкая
A551;2024-02-09;13;Супермаркет - место для выяснения отношений или приятных покупок?;https://dzen.ru/media/id/63dd27aac30ab522dcce48b3/65c5fb4109606a2c08cc169d;63455;497;227;264;34;5;0;0.0078;0.4567;0.1498;0.022;0.0;публичные_места_транспорт;разбор_чужого_поведения;бытовая;третьи_лица;другое;0;1;1;0;1;0;0;высокая
A550;2024-02-11;11;Вы пробовали жить без телефона? Через сколько часов вы сорвётесь?;https://dzen.ru/media/id/63dd27aac30ab522dcce48b3/65c7ed12e7105805f101d98b;17994;766;311;314;41;9;0;0.0426;0.406;0.1318;0.0289;0.0;цифровое_общение;познавательное;бытовая;читатель;нет;0;0;1;1;1;0;0;высокая
A549;2024-02-13;12;Оскорблять нельзя идеализировать. А вы правильно ставите запятую, когда делаете комплимент?;https://dzen.ru/media/id/63dd27aac30ab522dcce48b3/65cb1c27db1fd65e3269618f;84863;2858;1632;1649;132;12;12;0.0337;0.571;0.0809;0.0074;0.0074;отношения_общение;польза;бытовая;читатель;нет;0;1;1;1;1;0;0;высокая
A548;2024-02-15;12;Этикет - панацея от неуверенности в действиях;https://dzen.ru/media/id/63dd27aac30ab522dcce48b3/65cdd00d09606a2c08fb41b7;77640;3754;2192;2124;169;17;42;0.0484;0.5839;0.0771;0.0078;0.0192;прочее;разъяснение_нормы;бытовая;нейтрально;нет;0;0;0;0;0;0;0;низкая
A547;2024-02-17;13;Цветы мужчинам: да или нет? Да!;https://dzen.ru/media/id/63dd27aac30ab522dcce48b3/65d0784db59d795072ed3e68;12623;388;223;239;40;7;0;0.0307;0.5747;0.1794;0.0314;0.0;гости_праздники;разъяснение_нормы;бытовая;нейтрально;нет;0;0;1;0;1;1;0;высокая
A546;2024-02-19;12;Вандализм на памятниках. Разрушить может каждый, а заслужить - единицы.;https://dzen.ru/media/id/63dd27aac30ab522dcce48b3/65d316f2b59d7950726ccca6;10128;369;119;122;46;1;3;0.0364;0.3225;0.3866;0.0084;0.0252;публичные_места_транспорт;разбор_чужого_поведения;узкая;третьи_лица;другое;0;1;0;0;1;0;0;высокая
A545;2024-02-21;13;Неочевидные правила ресторанного этикета;https://dzen.ru/media/id/63dd27aac30ab522dcce48b3/65d5a9e115e35e7dc7a1030d;1894933;123986;99831;152144;2028;505;348;0.0654;0.8052;0.0203;0.0051;0.0035;стол_еда;польза;бытовая;читатель;нет;0;0;0;0;1;0;0;высокая
A544;2024-02-23;13;Английская традиция чайной церемонии. Afternoon tea.;https://dzen.ru/media/id/63dd27aac30ab522dcce48b3/65d86b6fd2b1603f98ad4d4c;67062;2165;1353;1808;112;6;16;0.0323;0.6249;0.0828;0.0044;0.0118;стол_еда;познавательное;узкая;нейтрально;нет;0;0;0;0;1;0;0;высокая
A543;2024-02-25;13;Несколько дней назад я провела лекцию по этикету в школе в центре Санкт-Петербурга.;https://dzen.ru/media/id/63dd27aac30ab522dcce48b3/65db0de7569aee7bb40100a6;12243;227;136;129;40;2;0;0.0185;0.5991;0.2941;0.0147;0.0;работа;познавательное;узкая;нейтрально;нет;0;0;0;0;1;0;0;высокая
A542;2024-02-27;15;Как путешествовать в любой уголок мира, не выезжая из родного города?;https://dzen.ru/media/id/63dd27aac30ab522dcce48b3/65ddbe064b6b2f256fe048c3;27224;3273;1568;3354;45;1;0;0.1202;0.4791;0.0287;0.0006;0.0;прочее;познавательное;бытовая;читатель;нет;0;0;1;0;0;0;0;низкая
A541;2024-02-29;16;Фудмаркет - многонациональный язык, доступный каждому.;https://dzen.ru/media/id/63dd27aac30ab522dcce48b3/65e07ff73057d83ff3266082;7259;220;95;125;29;1;0;0.0303;0.4318;;;;стол_еда;познавательное;бытовая;нейтрально;нет;0;0;0;0;1;0;0;высокая
A540;2024-03-02;12;Что НЕ подарить на 8 марта?;https://dzen.ru/media/id/63dd27aac30ab522dcce48b3/65e2e5b22b8b137faf70d9cb;306720;21070;15881;12548;208;102;26;0.0687;0.7537;0.0131;0.0064;0.0016;гости_праздники;польза;бытовая;читатель;нет;1;1;1;0;1;1;0;высокая
A539;2024-03-04;12;"Приветствие на разных языках России: как сказать ""доброе утро""?";https://dzen.ru/media/id/63dd27aac30ab522dcce48b3/65e589abe12f920d341ca8c7;38697;1463;708;533;35;7;3;0.0378;0.4839;0.0494;0.0099;0.0042;отношения_общение;познавательное;узкая;нейтрально;нет;0;0;1;0;1;0;0;высокая
A538;2024-03-06;10;Электронные открытки — новая волна праздничного спама.;https://dzen.ru/media/id/63dd27aac30ab522dcce48b3/65e7a8547700786f98db4069;602965;24235;14352;9862;570;113;39;0.0402;0.5922;0.0397;0.0079;0.0027;цифровое_общение;разбор_чужого_поведения;бытовая;третьи_лица;другое;0;1;0;0;1;1;0;высокая
A537;2024-03-08;14;Как этикет относится к макияжу?;https://dzen.ru/media/id/63dd27aac30ab522dcce48b3/65eae9420050982f07e6c630;13986;263;189;193;32;4;0;0.0188;0.7186;0.1693;0.0212;0.0;внешний_вид;разъяснение_нормы;бытовая;нейтрально;нет;0;0;1;0;1;0;0;высокая
A536;2024-03-10;11;Искусство общения в общих чатах;https://dzen.ru/media/id/63dd27aac30ab522dcce48b3/65ed6e0c0149d872ef0cddd9;52138;1730;748;649;70;12;4;0.0332;0.4324;0.0936;0.016;0.0053;цифровое_общение;польза;бытовая;читатель;нет;0;0;0;0;1;0;0;высокая
A535;2024-03-12;14;За неделю я приняла участие в пяти разных сюжетах для телеканалов;https://dzen.ru/media/id/63dd27aac30ab522dcce48b3/65ef8e8628714c5311ea24da;3276;97;60;54;17;0;0;0.0296;;;;;работа;познавательное;узкая;нейтрально;нет;1;0;0;0;1;0;0;высокая
A534;2024-03-14;20;Где чай появился первым: в Великобритании или России?;https://dzen.ru/media/id/63dd27aac30ab522dcce48b3/65ef97ab8bdbff4a8a12f00e;15211;484;248;216;38;5;5;0.0318;0.5124;0.1532;0.0202;0.0202;история_высший_свет;познавательное;бытовая;нейтрально;нет;0;0;1;0;1;0;0;высокая
A533;2024-03-16;12;Проект «Образ будущего» или возрождение культурного кода России.;https://dzen.ru/media/id/63dd27aac30ab522dcce48b3/65f37528d0b61e78b2bba305;6331;232;76;74;21;1;2;0.0366;0.3276;;;;прочее;познавательное;узкая;нейтрально;нет;0;0;0;0;1;0;0;высокая
A532;2024-03-18;11;Мастерство представления: ключи к элегантному знакомству;https://dzen.ru/media/id/63dd27aac30ab522dcce48b3/65f7519d1d98e109a3d62ab7;99336;6350;3239;2733;153;4;19;0.0639;0.5101;0.0472;0.0012;0.0059;отношения_общение;польза;бытовая;читатель;нет;0;0;0;0;1;0;0;высокая
A531;2024-03-20;12;Как вести себя культурно среди книг - правила этикета в библиотеке;https://dzen.ru/media/id/63dd27aac30ab522dcce48b3/65f9fd1eeb565e5104d10dd6;8930;284;144;147;32;3;4;0.0318;0.507;0.2222;0.0208;0.0278;публичные_места_транспорт;польза;бытовая;читатель;нет;0;0;0;0;1;0;0;высокая
A530;2024-03-22;14;Лекция в столице Китая «От делового до элегантного: один шаг».;https://dzen.ru/media/id/63dd27aac30ab522dcce48b3/65fd49acca334130e3673f65;19457;509;328;383;46;2;5;0.0262;0.6444;0.1402;0.0061;0.0152;прочее;познавательное;узкая;нейтрально;нет;1;0;0;0;1;0;0;высокая
A529;2024-03-24;12;Деловой имидж мужчины и женщины. Из чего он состоит?;https://dzen.ru/media/id/63dd27aac30ab522dcce48b3/65ffef50637a7913325e2afd;43239;1452;769;790;62;5;8;0.0336;0.5296;0.0806;0.0065;0.0104;внешний_вид;разъяснение_нормы;бытовая;нейтрально;нет;0;0;1;0;1;0;0;высокая
A528;2024-03-26;12;Незнание не освобождает от неловких ситуаций;https://dzen.ru/media/id/63dd27aac30ab522dcce48b3/6602910322aa0724b50025b6;1154896;159124;71480;46467;1135;708;215;0.1378;0.4492;0.0159;0.0099;0.003;прочее;разъяснение_нормы;бытовая;нейтрально;нет;0;0;0;0;0;0;0;низкая
A527;2024-03-28;16;Этикет в лифте: правила вежливости в вертикальном пространстве;https://dzen.ru/media/id/63dd27aac30ab522dcce48b3/6604b3e975d1500baa528f22;1013196;38163;30193;21337;860;212;97;0.0377;0.7912;0.0285;0.007;0.0032;публичные_места_транспорт;польза;бытовая;нейтрально;нет;0;0;0;0;1;0;0;высокая
A526;2024-03-30;15;Искусство речевых клише: важность вежливых фраз в современном общении;https://dzen.ru/media/id/63dd27aac30ab522dcce48b3/66075177cea4665fd5d19da9;119592;8711;6076;4716;520;21;67;0.0728;0.6975;0.0856;0.0035;0.011;отношения_общение;разъяснение_нормы;бытовая;нейтрально;нет;0;0;0;0;0;1;0;высокая
A525;2024-04-01;13;Этикет подземелья;https://dzen.ru/media/id/63dd27aac30ab522dcce48b3/660a76a69d47c93154458e1a;659607;17396;10057;3631;379;205;35;0.0264;0.5781;0.0377;0.0204;0.0035;публичные_места_транспорт;польза;бытовая;читатель;нет;0;0;0;0;1;0;0;низкая
A524;2024-04-03;11;Одиночество в ресторане: исторический путь от строгости к свободе;https://dzen.ru/media/id/63dd27aac30ab522dcce48b3/660cb736b264c0652c41a2a3;278779;11129;6618;5554;362;224;22;0.0399;0.5947;0.0547;0.0338;0.0033;история_высший_свет;познавательное;бытовая;нейтрально;нет;0;0;0;0;1;0;0;высокая
A523;2024-04-05;13;Многогранный этикет Китая;https://dzen.ru/media/id/63dd27aac30ab522dcce48b3/660fce3bb4dd1071d6776f8c;46436;720;428;514;57;1;3;0.0155;0.5944;0.1332;0.0023;0.007;прочее;познавательное;узкая;нейтрально;нет;0;0;0;0;1;0;0;высокая
A522;2024-04-07;11;Почему от меня это скрывали все эти годы?;https://dzen.ru/media/id/63dd27aac30ab522dcce48b3/6611e9d49c7e2d240741935c;79592;6682;2443;1740;209;11;11;0.084;0.3656;0.0856;0.0045;0.0045;прочее;познавательное;бытовая;нейтрально;нет;0;0;1;0;0;0;0;низкая
A521;2024-04-09;12;Экологический этикет: Как вести себя уважительно к природе;https://dzen.ru/media/id/63dd27aac30ab522dcce48b3/6615056bfc2db45bb823b37a;7651;1353;594;369;81;6;3;0.1768;0.439;0.1364;0.0101;0.0051;прочее;польза;бытовая;читатель;нет;0;0;0;0;0;0;0;высокая
A520;2024-04-11;13;Small Talk. Искусство непринужденной беседы в Различных Культурах;https://dzen.ru/media/id/63dd27aac30ab522dcce48b3/66179a65d770996ce94b3572;26793;1097;607;698;83;6;4;0.0409;0.5533;0.1367;0.0099;0.0066;отношения_общение;познавательное;бытовая;нейтрально;нет;0;0;0;0;1;0;0;высокая
A519;2024-04-13;12;Этикет употребления супов: как правильно есть суп?;https://dzen.ru/media/id/63dd27aac30ab522dcce48b3/66199cc7b2c477719b52d315;4376348;266256;188726;141890;3918;1064;826;0.0608;0.7088;0.0208;0.0056;0.0044;стол_еда;польза;бытовая;читатель;нет;0;0;1;0;1;0;0;высокая
A518;2024-04-15;11;Порой я задаюсь вопросом: «Почему я не пошла преподавать химию или физику?»;https://dzen.ru/media/id/63dd27aac30ab522dcce48b3/661c0ef11bb95a519d79e98a;19414;883;414;403;29;7;5;0.0455;0.4689;0.07;0.0169;0.0121;работа;познавательное;узкая;нейтрально;нет;0;0;1;0;1;0;0;низкая
A517;2024-04-17;12;Этикет общения с персоналом;https://dzen.ru/media/id/63dd27aac30ab522dcce48b3/661ef9da71204b5166b0a703;123454;3330;2053;2136;231;49;16;0.027;0.6165;0.1125;0.0239;0.0078;отношения_общение;польза;бытовая;читатель;нет;0;0;0;0;0;0;0;низкая
A516;2024-04-19;14;Решили снять стресс - не создавайте его другим;https://dzen.ru/media/id/63dd27aac30ab522dcce48b3/662250aaac021a178f5ba953;85181;996;503;353;52;2;12;0.0117;0.505;0.1034;0.004;0.0239;отношения_общение;польза;бытовая;читатель;нет;0;1;0;0;0;0;0;низкая
A515;2024-04-21;11;Предлагаю вам мой личный адрес электронной почты;https://dzen.ru/media/id/63dd27aac30ab522dcce48b3/6624b232cbb15a5702930a0d;167044;14359;4350;3657;239;81;18;0.086;0.3029;0.0549;0.0186;0.0041;цифровое_общение;польза;бытовая;читатель;нет;0;0;0;1;1;0;0;низкая
A514;2024-04-23;12;Зависит ли элегантность от денег?;https://dzen.ru/media/id/63dd27aac30ab522dcce48b3/66275d4729c2047a17a9c14f;54273;2208;1483;1372;157;36;11;0.0407;0.6716;0.1059;0.0243;0.0074;деньги;разъяснение_нормы;бытовая;нейтрально;нет;0;0;1;0;0;0;0;высокая
A513;2024-04-25;12;Испытанием этикета может стать элементарный подъем по лестнице;https://dzen.ru/media/id/63dd27aac30ab522dcce48b3/662a1a71c808d277773065a6;5970893;325564;188445;154010;5172;1225;888;0.0545;0.5788;0.0274;0.0065;0.0047;публичные_места_транспорт;польза;бытовая;нейтрально;нет;0;0;0;0;1;0;0;высокая
A512;2024-04-27;13;Как не стать жертвой хамского обращения в салоне красоты?;https://dzen.ru/media/id/63dd27aac30ab522dcce48b3/662cbf6731eace3a597a7f6a;683697;35246;20671;22489;350;176;67;0.0516;0.5865;0.0169;0.0085;0.0032;публичные_места_транспорт;польза;бытовая;читатель;персонал_официанты;0;1;1;0;1;0;0;высокая
A511;2024-04-29;11;Путеводитель по элегантному Петербургу;https://dzen.ru/media/id/63dd27aac30ab522dcce48b3/662f53e0eb2236040fef634b;601539;18623;13263;16326;388;105;73;0.031;0.7122;0.0293;0.0079;0.0055;история_высший_свет;познавательное;узкая;нейтрально;нет;0;0;0;0;1;0;0;низкая
A510;2024-05-01;11;Завоевание видео-эфира;https://dzen.ru/media/id/63dd27aac30ab522dcce48b3/66310dc87044c74bee917674;6474;117;64;51;18;2;0;0.0181;0.547;;;;цифровое_общение;польза;узкая;нейтрально;нет;0;0;0;0;1;0;0;низкая
A509;2024-05-03;12;Вы не будете против, если мы будем на ты?;https://dzen.ru/media/id/63dd27aac30ab522dcce48b3/663368e519148e7821fe29c9;936111;31966;19859;19496;725;221;103;0.0341;0.6213;0.0365;0.0111;0.0052;отношения_общение;разъяснение_нормы;бытовая;читатель;нет;0;0;1;1;1;1;0;высокая
A508;2024-05-05;12;Кто заставил кролика нести яйца?;https://dzen.ru/media/id/63dd27aac30ab522dcce48b3/66373b9e0e1546102794447c;17229;875;469;495;57;23;3;0.0508;0.536;0.1215;0.049;0.0064;гости_праздники;познавательное;узкая;нейтрально;нет;0;0;1;0;1;0;0;высокая
A507;2024-05-07;12;Спорим, у вас есть паразиты?;https://dzen.ru/media/id/63dd27aac30ab522dcce48b3/6639eb229f669c30c3550c51;37867;2910;645;585;122;14;7;0.0768;0.2216;0.1891;0.0217;0.0109;отношения_общение;разбор_чужого_поведения;бытовая;читатель;нет;0;1;1;1;0;0;0;низкая
A506;2024-05-09;11;Три простых шага для создания первого впечатления;https://dzen.ru/media/id/63dd27aac30ab522dcce48b3/663c887668aabe399c6fecb9;280841;21373;12916;12608;467;27;42;0.0761;0.6043;0.0362;0.0021;0.0033;отношения_общение;польза;бытовая;читатель;нет;1;0;0;0;0;0;0;высокая
A505;2024-05-11;11;В чем различие между коричневым и белым сахаром?;https://dzen.ru/media/id/63dd27aac30ab522dcce48b3/663f2be797b762648711688b;766568;16667;7609;9223;313;101;40;0.0217;0.4565;0.0411;0.0133;0.0053;стол_еда;познавательное;бытовая;нейтрально;нет;0;0;1;0;1;0;0;высокая
A504;2024-05-13;12;Цветами можно договориться о встрече или рассказать о чувствах. Вы бы хотели возродить таинственный язык цветов?;https://dzen.ru/media/id/63dd27aac30ab522dcce48b3/6641c02b0357f923a7fc86fc;12824;572;272;294;25;4;3;0.0446;0.4755;0.0919;0.0147;0.011;история_высший_свет;познавательное;узкая;читатель;нет;0;0;1;1;1;0;0;высокая
A503;2024-05-15;12;Как этикет может изменить будущее наших детей: Открытие новых горизонтов.;https://dzen.ru/media/id/63dd27aac30ab522dcce48b3/66447b8ce73439739bde342d;140713;3463;1797;1990;137;31;19;0.0246;0.5189;0.0762;0.0173;0.0106;дом_семья;познавательное;бытовая;нейтрально;нет;0;0;0;0;0;0;0;низкая
A502;2024-05-17;9;Дайте мне, пожалуйста, совет: на какие еще темы вы бы хотели читать статьи?;https://dzen.ru/media/id/63dd27aac30ab522dcce48b3/6646f956d17e135fd6f9b096;13302;294;126;83;32;40;3;0.0221;0.4286;0.254;0.3175;0.0238;прочее;познавательное;бытовая;читатель;нет;0;0;1;1;0;0;0;низкая
A501;2024-05-19;12;Откусывать хлеб - дурной тон;https://dzen.ru/media/id/63dd27aac30ab522dcce48b3/66491cd422ce294559d32274;13048326;898288;520405;605594;15267;6173;2376;0.0688;0.5793;0.0293;0.0119;0.0046;стол_еда;разъяснение_нормы;бытовая;нейтрально;нет;0;1;0;0;1;1;0;высокая
A500;2024-05-21;13;Пришли гости и вы не знаете кого с кем сажать?;https://dzen.ru/media/id/63dd27aac30ab522dcce48b3/664c516a635482244fdfd4a0;152393;1578;458;315;34;5;7;0.0104;0.2902;0.0742;0.0109;0.0153;гости_праздники;польза;бытовая;читатель;нет;0;0;1;1;1;0;0;высокая
A499;2024-05-23;12;Кто же платит в ресторане?;https://dzen.ru/media/id/63dd27aac30ab522dcce48b3/664edd03bf0c940b99624365;1684646;76991;37303;42568;611;550;77;0.0457;0.4845;0.0164;0.0147;0.0021;деньги;разъяснение_нормы;бытовая;читатель;нет;0;0;1;0;1;1;0;высокая
A498;2024-05-25;12;Все ли в мире так, как нам кажется?;https://dzen.ru/media/id/63dd27aac30ab522dcce48b3/6651448f5fc26601bc10c8f7;27546;2245;1319;1062;256;13;10;0.0815;0.5875;0.1941;0.0099;0.0076;прочее;познавательное;бытовая;нейтрально;нет;0;0;1;0;0;0;0;низкая
A497;2024-05-27;12;Почти никто не умеет есть макароны;https://dzen.ru/media/id/63dd27aac30ab522dcce48b3/6654458b01282a451771ce28;994777;96073;67844;66764;1507;819;238;0.0966;0.7062;0.0222;0.0121;0.0035;стол_еда;разбор_чужого_поведения;бытовая;третьи_лица;другое;0;1;0;0;1;1;0;высокая
A496;2024-05-29;12;Нижнее белье для лета;https://dzen.ru/media/id/63dd27aac30ab522dcce48b3/6656e1915fc26601bca774f1;97385;12060;6068;3879;130;9;45;0.1238;0.5032;0.0214;0.0015;0.0074;внешний_вид;польза;бытовая;нейтрально;нет;0;0;0;0;1;0;0;высокая
A495;2024-05-31;12;Заработала свой первый миллион обучая детей этикету;https://dzen.ru/media/id/63dd27aac30ab522dcce48b3/66590a598f8f587ad8f3adbf;15098;668;426;387;96;9;1;0.0442;0.6377;0.2254;0.0211;0.0023;деньги;познавательное;узкая;нейтрально;нет;1;0;0;0;1;0;0;высокая
A494;2024-06-02;12;Восемь книг по этикету;https://dzen.ru/media/id/63dd27aac30ab522dcce48b3/665bb33f0d264d42a7e97110;101353;1489;713;846;72;6;21;0.0147;0.4788;0.101;0.0084;0.0295;прочее;познавательное;бытовая;нейтрально;нет;1;0;0;0;0;0;0;высокая
A493;2024-06-04;12;Как снизить волнение перед выступлением?;https://dzen.ru/media/id/63dd27aac30ab522dcce48b3/665ed29f4fb7d66f4634d653;1617641;44671;31108;26232;358;100;123;0.0276;0.6964;0.0115;0.0032;0.004;работа;польза;бытовая;читатель;нет;0;0;1;0;1;0;0;низкая
A492;2024-06-06;12;Вы знаете, кому это переслать!;https://dzen.ru/media/id/63dd27aac30ab522dcce48b3/666160d7ae5bc312e585c745;19389;819;424;483;101;6;1;0.0422;0.5177;0.2382;0.0142;0.0024;цифровое_общение;разбор_чужого_поведения;бытовая;читатель;нет;0;0;0;1;0;0;0;низкая
A491;2024-06-08;13;Семейный этикет: искусство взаимоотношений;https://dzen.ru/media/id/63dd27aac30ab522dcce48b3/66641a65b205006d78c03513;1949015;27947;16084;13804;738;80;143;0.0143;0.5755;0.0459;0.005;0.0089;дом_семья;польза;бытовая;нейтрально;нет;0;0;0;0;0;0;0;низкая
A490;2024-06-10;12;Великолепно, легко и доступно.;https://dzen.ru/media/id/63dd27aac30ab522dcce48b3/6666bd7d0b511666481bfb26;23164;768;403;324;75;4;4;0.0332;0.5247;0.1861;0.0099;0.0099;прочее;познавательное;бытовая;нейтрально;нет;0;0;0;0;0;0;0;низкая
A489;2024-06-12;12;Сутулость - признак лузерства. Мотивация к тому, чтобы расправить плечи.;https://dzen.ru/media/id/63dd27aac30ab522dcce48b3/6668e3c90ca25727591baa78;279462;29687;11735;10755;425;45;105;0.1062;0.3953;0.0362;0.0038;0.0089;внешний_вид;польза;бытовая;читатель;нет;0;1;0;0;1;1;0;высокая
A488;2024-06-14;16;Путешествие без границ: как избежать культурных неловкостей;https://dzen.ru/media/id/63dd27aac30ab522dcce48b3/666c06e858d6c46b6113f4aa;158785;458;171;152;30;5;0;0.0029;0.3734;0.1754;0.0292;0.0;публичные_места_транспорт;польза;бытовая;читатель;нет;0;1;0;0;0;0;0;высокая
A487;2024-06-16;13;Берегите природу, Мать Вашу;https://dzen.ru/media/id/63dd27aac30ab522dcce48b3/666e58646b57775badd4e49a;21082;1296;569;493;148;11;6;0.0615;0.439;0.2601;0.0193;0.0105;публичные_места_транспорт;разбор_чужого_поведения;бытовая;третьи_лица;другое;0;1;0;1;0;0;0;низкая
A486;2024-06-19;13;Как предмет бедности стал признаком роскоши в современном мире? Ретроспектива столового этикета;https://dzen.ru/media/id/63dd27aac30ab522dcce48b3/66729f2f9d38727c0f587522;3942372;556814;169404;113388;3533;693;796;0.1412;0.3042;0.0209;0.0041;0.0047;история_высший_свет;познавательное;узкая;нейтрально;нет;0;0;1;0;1;0;0;высокая
A485;2024-06-21;12;Пожимать ли женщине руку? Частые ошибки в рукопожатиях;https://dzen.ru/media/id/63dd27aac30ab522dcce48b3/6672a350867ea00009f932b3;3552252;180665;82028;119655;1063;677;459;0.0509;0.454;0.013;0.0083;0.0056;отношения_общение;польза;бытовая;читатель;нет;0;1;1;0;1;1;0;высокая
A484;2024-06-23;12;Не включайте музыку без разрешения;https://dzen.ru/media/id/63dd27aac30ab522dcce48b3/66769dd1c4463870659779a6;65005;5169;2240;1588;168;77;10;0.0795;0.4334;0.075;0.0344;0.0045;публичные_места_транспорт;польза;бытовая;читатель;нет;0;1;0;0;1;0;0;высокая
A483;2024-06-25;12;Трендовый офисный стиль: почему цветные носки стали must-have аксессуаром в деловой среде;https://dzen.ru/media/id/63dd27aac30ab522dcce48b3/667a67249d76681df9c6e0f0;997792;29711;14040;11798;330;118;38;0.0298;0.4726;0.0235;0.0084;0.0027;внешний_вид;разъяснение_нормы;бытовая;нейтрально;нет;0;0;0;0;1;1;0;высокая
A482;2024-06-27;12;Какие туфли выбрать?;https://dzen.ru/media/id/63dd27aac30ab522dcce48b3/667c413a9a544801f6284575;844498;33086;21563;13884;748;128;70;0.0392;0.6517;0.0347;0.0059;0.0032;внешний_вид;польза;бытовая;читатель;нет;0;0;1;0;1;0;0;высокая
A481;2024-06-29;11;Сенсорный сад: уникальная коллаборация компании Levrana с Ботаническим садом Петра Великого;https://dzen.ru/media/id/63dd27aac30ab522dcce48b3/667fbc2afd7b631e44c474b8;11519;302;140;116;25;11;2;0.0262;0.4636;0.1786;0.0786;0.0143;прочее;познавательное;узкая;нейтрально;нет;0;0;0;0;1;0;0;высокая
A480;2024-07-01;12;Когда благоухание превращается в зловоние;https://dzen.ru/media/id/63dd27aac30ab522dcce48b3/66825465e419264ab4f06a12;87352;11192;6641;4745;428;106;15;0.1281;0.5934;0.0644;0.016;0.0023;внешний_вид;разбор_чужого_поведения;бытовая;третьи_лица;другое;0;1;0;0;1;0;0;высокая
A479;2024-07-03;13;Элегантный и практичный столовый прибор, о котором часто забывают: десертная вилка;https://dzen.ru/media/id/63dd27aac30ab522dcce48b3/6683e22762d21a0b5b172218;499032;43522;22439;24567;1331;164;117;0.0872;0.5156;0.0593;0.0073;0.0052;стол_еда;познавательное;узкая;нейтрально;нет;0;0;0;0;1;0;0;высокая
A478;2024-07-05;12;Лекция в Российском культурном центре в Пекине;https://dzen.ru/media/id/63dd27aac30ab522dcce48b3/66879698e419264ab4e4afb9;7758;71;33;33;20;1;0;0.0092;;;;;прочее;познавательное;узкая;нейтрально;нет;0;0;0;0;1;0;0;высокая
A477;2024-07-07;12;Ножницы для винограда на вашем столе;https://dzen.ru/media/id/63dd27aac30ab522dcce48b3/668909d9bf000b11236ef142;194649;9285;4703;5502;317;63;33;0.0477;0.5065;0.0674;0.0134;0.007;стол_еда;познавательное;узкая;читатель;нет;0;0;0;1;1;0;0;высокая
A476;2024-07-09;11;Самая главная ошибка после встречи: а вы отправляете фоллоу-ап?;https://dzen.ru/media/id/63dd27aac30ab522dcce48b3/668ce99f597abb295f4f6d9f;2117971;236790;42846;41286;730;741;359;0.1118;0.1809;0.017;0.0173;0.0084;работа;польза;узкая;читатель;нет;0;1;1;1;1;0;0;высокая
A475;2024-07-11;12;А вы леди?;https://dzen.ru/media/id/63dd27aac30ab522dcce48b3/668ee1ec768fc17b655637f2;394159;17300;11127;15408;404;255;57;0.0439;0.6432;0.0363;0.0229;0.0051;прочее;разъяснение_нормы;бытовая;читатель;нет;0;0;1;1;0;0;0;низкая
A474;2024-07-13;12;Столовый бутерброд и российское производство тканей;https://dzen.ru/media/id/63dd27aac30ab522dcce48b3/669249c26206d47d47005a8c;38779;576;313;323;45;3;4;0.0149;0.5434;0.1438;0.0096;0.0128;стол_еда;познавательное;узкая;нейтрально;нет;0;0;0;0;1;0;0;низкая
A473;2024-07-15;13;Почему вы носите часы не на той руке?;https://dzen.ru/media/id/63dd27aac30ab522dcce48b3/6694e720863a9877f3524224;4043613;277168;118620;109628;1721;830;287;0.0685;0.428;0.0145;0.007;0.0024;внешний_вид;разъяснение_нормы;бытовая;читатель;нет;0;1;1;1;1;1;0;высокая
A472;2024-07-17;12;Этикет в сказке «Золушка»;https://dzen.ru/media/id/63dd27aac30ab522dcce48b3/6696bb99e4a7f25f09dd5a71;196044;21862;7095;9189;225;138;20;0.1115;0.3245;0.0317;0.0195;0.0028;прочее;познавательное;узкая;третьи_лица;нет;0;0;0;0;1;0;0;высокая
A471;2024-07-19;12;Как имидж и этикет открывают двери к успеху: выступление на XII Всероссийском съезде советов молодых ученых и студенческих научных обществ;https://dzen.ru/media/id/63dd27aac30ab522dcce48b3/669a2ff15de5626eddfe6c5e;23247;2233;964;1148;71;7;11;0.0961;0.4317;0.0737;0.0073;0.0114;прочее;познавательное;узкая;нейтрально;нет;1;0;0;0;1;0;0;высокая
A470;2024-07-21;12;Не Диор!;https://dzen.ru/media/id/63dd27aac30ab522dcce48b3/669cd9bdf11d201c92353444;115315;8555;4613;3736;547;51;31;0.0742;0.5392;0.1186;0.0111;0.0067;внешний_вид;познавательное;бытовая;нейтрально;нет;0;0;0;0;1;0;0;низкая
A469;2024-07-23;12;Вы неправильно носите солнцезащитные очки;https://dzen.ru/media/id/63dd27aac30ab522dcce48b3/669ec604aa10c4738d611423;391489;48810;33376;27367;489;123;51;0.1247;0.6838;0.0147;0.0037;0.0015;внешний_вид;польза;бытовая;читатель;нет;0;1;0;1;1;1;0;высокая
A468;2024-07-25;12;Хлопайте в конце полета: этикет в самолете;https://dzen.ru/media/id/63dd27aac30ab522dcce48b3/66a13b741391a41155e1e000;7236400;370275;257001;365650;4273;2997;743;0.0512;0.6941;0.0166;0.0117;0.0029;публичные_места_транспорт;разъяснение_нормы;бытовая;читатель;нет;0;0;0;0;1;1;0;высокая
A467;2024-07-27;12;До сих пор носите наушники неправильно?;https://dzen.ru/media/id/63dd27aac30ab522dcce48b3/66a4b2cdba5e8b1a462bec91;474673;34369;11901;10023;369;179;35;0.0724;0.3463;0.031;0.015;0.0029;публичные_места_транспорт;польза;бытовая;читатель;нет;0;1;1;0;1;1;0;низкая
A466;2024-07-29;12;Этикет в сказке «Спящая красавица»;https://dzen.ru/media/id/63dd27aac30ab522dcce48b3/66a75f38d3a54523d5d0d382;586564;20083;10028;9415;283;56;42;0.0342;0.4993;0.0282;0.0056;0.0042;прочее;познавательное;узкая;нейтрально;нет;0;0;0;0;1;0;0;высокая
A465;2024-07-31;13;Овсянку нужно есть с салфеткой на голове;https://dzen.ru/media/id/63dd27aac30ab522dcce48b3/66aa0ae8b9a52a13c02599c1;241595;21859;12546;10160;878;184;29;0.0905;0.574;0.07;0.0147;0.0023;стол_еда;познавательное;узкая;нейтрально;нет;0;0;0;0;1;1;0;низкая
A464;2024-08-02;12;Топ 5 правил каршеринга;https://dzen.ru/media/id/63dd27aac30ab522dcce48b3/66aca43557e7bc5b7bed8851;155287;19505;8588;8499;67;143;16;0.1256;0.4403;0.0078;0.0167;0.0019;публичные_места_транспорт;польза;бытовая;читатель;нет;1;0;0;0;1;0;0;высокая
A463;2024-08-04;12;Как правильно носить «королеву в мире украшений»: этикет брошей;https://dzen.ru/media/id/63dd27aac30ab522dcce48b3/66af2a810542f0527ae85137;1017475;61374;41195;38078;1170;150;134;0.0603;0.6712;0.0284;0.0036;0.0033;внешний_вид;польза;узкая;читатель;нет;0;0;0;0;1;0;0;высокая
A462;2024-08-06;11;Фильм «Служебный роман» с точки зрения этикета;https://dzen.ru/media/id/63dd27aac30ab522dcce48b3/66b1d413839c8d7a5434e1df;1421403;75505;46757;52660;711;684;109;0.0531;0.6193;0.0152;0.0146;0.0023;работа;разбор_чужого_поведения;бытовая;третьи_лица;нет;0;0;0;0;1;0;0;высокая
A461;2024-08-08;11;Загадочный кодлер: элегантный способ приготовления яиц;https://dzen.ru/media/id/63dd27aac30ab522dcce48b3/66b487c90e91671e5a0190f1;254493;19871;11744;11134;694;87;44;0.0781;0.591;0.0591;0.0074;0.0037;стол_еда;познавательное;узкая;нейтрально;нет;0;0;0;0;1;0;0;высокая
A460;2024-08-10;13;Что мы не сможем найти в вашей дамской сумке?;https://dzen.ru/media/id/63dd27aac30ab522dcce48b3/66b73b102da20429e84894bf;102728;6733;3683;3117;277;94;11;0.0655;0.547;0.0752;0.0255;0.003;внешний_вид;польза;бытовая;читатель;нет;0;0;1;1;1;0;0;высокая
A459;2024-08-12;11;Этикет подарков в международной деловой среде;https://dzen.ru/media/id/63dd27aac30ab522dcce48b3/66b9cb1092b676336fba8519;166341;6109;3620;3718;133;23;15;0.0367;0.5926;0.0367;0.0064;0.0041;работа;польза;узкая;нейтрально;нет;0;0;0;0;1;0;0;высокая
A458;2024-08-14;11;Олимпиада и спортивный этикет;https://dzen.ru/media/id/63dd27aac30ab522dcce48b3/66bc6e5c8b92ab6fd38388be;36501;719;204;203;25;1;1;0.0197;0.2837;0.1225;0.0049;0.0049;прочее;познавательное;узкая;нейтрально;нет;0;0;0;0;1;0;0;высокая
A457;2024-08-17;14;Вилка для улиток: как изящный инструмент завоевал сердца гурманов;https://dzen.ru/media/id/63dd27aac30ab522dcce48b3/66c04b9d3c265b68b02313ad;43450;1032;553;423;39;10;1;0.0238;0.5359;0.0705;0.0181;0.0018;стол_еда;познавательное;узкая;нейтрально;нет;0;0;0;0;1;0;0;высокая
A456;2024-08-19;12;Маникюр по этикету;https://dzen.ru/media/id/63dd27aac30ab522dcce48b3/66c3108d61ad894a99f9fae6;760917;61066;40978;35653;505;135;83;0.0803;0.671;0.0123;0.0033;0.002;внешний_вид;польза;бытовая;читатель;нет;0;0;0;0;1;0;0;высокая
A455;2024-08-21;12;Мужской маникюр: что ваши руки говорят о вас;https://dzen.ru/media/id/63dd27aac30ab522dcce48b3/66c4cf86df2b810cc4ae01b1;34046;1218;725;481;75;30;4;0.0358;0.5952;0.1034;0.0414;0.0055;внешний_вид;разъяснение_нормы;бытовая;читатель;нет;0;0;0;1;1;1;0;высокая
A454;2024-08-23;10;Пресс-тур с Levrana: Как натуральная косметика вдохновляет на заботу о культуре и природе;https://dzen.ru/media/id/63dd27aac30ab522dcce48b3/66c72d1040e6066f40c600cd;11265;249;126;97;27;9;1;0.0221;0.506;0.2143;0.0714;0.0079;прочее;познавательное;узкая;нейтрально;нет;0;0;0;0;1;0;0;высокая
A453;2024-08-26;10;Вилка для лимона: этикет и традиции;https://dzen.ru/media/id/63dd27aac30ab522dcce48b3/66cb14d8ac4b7b1c4df04a9c;329014;14925;11738;11179;1003;108;106;0.0454;0.7865;0.0854;0.0092;0.009;стол_еда;познавательное;узкая;нейтрально;нет;0;0;0;0;1;0;0;высокая
A452;2024-08-28;10;Этикет 1 сентября: искусство достойного старта учебного года;https://dzen.ru/media/id/63dd27aac30ab522dcce48b3/66ce373233c5f32485cf227e;524892;11208;5448;4745;76;16;18;0.0214;0.4861;0.014;0.0029;0.0033;гости_праздники;польза;бытовая;читатель;нет;1;0;0;0;1;0;0;высокая
A451;2024-08-30;10;Как мир встречает 1 сентября: интересные традиции и этикет;https://dzen.ru/media/id/63dd27aac30ab522dcce48b3/66d0c8abcc3ba7690ea0683e;368501;3637;2462;2753;93;14;9;0.0099;0.6769;0.0378;0.0057;0.0037;гости_праздники;познавательное;бытовая;нейтрально;нет;1;0;0;0;1;0;0;высокая
A450;2024-09-02;9;Как носить шляпы: тонкости этикета ношения шляп;https://dzen.ru/media/id/63dd27aac30ab522dcce48b3/66d55c0ac146bc03f96f7c17;992217;36893;25071;20570;964;128;69;0.0372;0.6796;0.0385;0.0051;0.0028;внешний_вид;польза;узкая;читатель;нет;0;0;0;0;1;0;0;высокая
A449;2024-09-04;13;Иностранные языки в деловом этикете и протоколе;https://dzen.ru/media/id/63dd27aac30ab522dcce48b3/66d832331627741813ca0697;5428;258;114;104;26;3;0;0.0475;0.4419;0.2281;0.0263;0.0;работа;познавательное;узкая;нейтрально;нет;0;0;0;0;1;0;0;высокая
A448;2024-09-06;14;Осенние традиции: от капустников до «КРОШЕВО»;https://dzen.ru/media/id/63dd27aac30ab522dcce48b3/66dae1a782d936435a86732b;21017;547;236;89;29;9;3;0.026;0.4314;0.1229;0.0381;0.0127;гости_праздники;познавательное;узкая;нейтрально;нет;0;0;0;0;1;0;0;низкая
A447;2024-09-09;11;– Ешь быстрее!;https://dzen.ru/media/id/63dd27aac30ab522dcce48b3/66deb7f183f0604cbbda0e03;135010;16326;7937;6092;525;99;41;0.1209;0.4862;0.0661;0.0125;0.0052;стол_еда;разбор_чужого_поведения;бытовая;третьи_лица;нет;0;0;0;0;0;0;0;низкая
A446;2024-09-11;16;Фразы для провокации конфликта;https://dzen.ru/media/id/63dd27aac30ab522dcce48b3/66e1a05f1df72c7dd682ef4e;1105942;125957;59765;51579;1043;346;201;0.1139;0.4745;0.0175;0.0058;0.0034;отношения_общение;польза;бытовая;читатель;нет;0;1;0;0;1;0;0;высокая
A445;2024-09-13;15;Как вежливо отказать по телефону?;https://dzen.ru/media/id/63dd27aac30ab522dcce48b3/66e42e8f5a081f17d539d71c;646268;65171;37531;29568;1059;245;92;0.1008;0.5759;0.0282;0.0065;0.0025;цифровое_общение;польза;бытовая;читатель;нет;0;0;1;0;1;0;0;высокая
A444;2024-09-16;12;Косметику нельзя дарить по этикету: как выбрать уместный подарок для близких;https://dzen.ru/media/id/63dd27aac30ab522dcce48b3/66e7f6bf8181c103d654585c;105423;5777;2839;2054;117;47;8;0.0548;0.4914;0.0412;0.0166;0.0028;гости_праздники;польза;бытовая;читатель;нет;0;1;0;0;1;1;0;высокая
A443;2024-09-18;14;Оденусь как король;https://dzen.ru/media/id/63dd27aac30ab522dcce48b3/66ea90050e02a1063be572a3;379073;28751;7291;4471;314;28;21;0.0758;0.2536;0.0431;0.0038;0.0029;внешний_вид;познавательное;бытовая;нейтрально;нет;0;0;0;0;0;0;0;низкая
A442;2024-09-20;12;Как правильно пользоваться салфеткой в ресторане;https://dzen.ru/media/id/63dd27aac30ab522dcce48b3/66ed4453576d5e047ec0a942;1725918;92345;69845;87469;1356;267;296;0.0535;0.7563;0.0194;0.0038;0.0042;стол_еда;польза;бытовая;читатель;нет;0;0;0;0;1;0;0;высокая
A441;2024-09-23;11;Этикет на высшем уровне. Секреты протокола на высокой неделе ООН;https://dzen.ru/media/id/63dd27aac30ab522dcce48b3/66f1291aa1ad352bba78728c;15767;2294;994;1446;56;6;7;0.1455;0.4333;0.0563;0.006;0.007;история_высший_свет;познавательное;узкая;нейтрально;нет;0;0;0;0;1;0;0;высокая
A440;2024-09-25;13;Как реагировать на грубость;https://dzen.ru/media/id/63dd27aac30ab522dcce48b3/66f3e9967b36697872ea5804;3645582;154735;93801;103079;2241;434;458;0.0424;0.6062;0.0239;0.0046;0.0049;отношения_общение;польза;бытовая;читатель;нет;0;0;0;0;0;0;0;высокая
A439;2024-09-30;11;Фестиваль «Крошево»;https://dzen.ru/media/id/63dd27aac30ab522dcce48b3/66fa5ae206ec2b139ec84f67;66867;2162;842;550;65;8;8;0.0323;0.3895;0.0772;0.0095;0.0095;прочее;познавательное;узкая;нейтрально;нет;0;0;0;0;1;0;0;низкая
A438;2024-10-04;12;В кафе работают не только официанты;https://dzen.ru/media/id/63dd27aac30ab522dcce48b3/66ffa47d36ccdf3a4cdecf7b;105398;1871;622;556;65;16;6;0.0178;0.3324;0.1045;0.0257;0.0096;стол_еда;познавательное;бытовая;третьи_лица;нет;0;0;0;0;1;0;0;высокая
A437;2024-10-07;11;Лекция «Роль имиджа и этикета в международных отношениях» в РГГУ;https://dzen.ru/media/id/63dd27aac30ab522dcce48b3/67039d47396b9a10016af2fc;55431;392;158;169;27;4;1;0.0071;0.4031;0.1709;0.0253;0.0063;прочее;познавательное;узкая;нейтрально;нет;0;0;0;0;1;0;0;высокая
A436;2024-10-09;14;Как вести себя на встрече с незнакомыми людьми?;https://dzen.ru/media/id/63dd27aac30ab522dcce48b3/6706662814f6dd0d169edfb6;1159794;47875;30327;25041;1192;94;254;0.0413;0.6335;0.0393;0.0031;0.0084;отношения_общение;польза;бытовая;читатель;нет;0;0;1;0;1;0;0;высокая
A435;2024-10-11;12;Лекция «Роль имиджа и этикета в международных отношениях» в МГЛУ;https://dzen.ru/media/id/63dd27aac30ab522dcce48b3/6708e7b2551d0514021ebad8;18020;314;127;147;26;2;2;0.0174;0.4045;0.2047;0.0157;0.0157;прочее;познавательное;узкая;нейтрально;нет;0;0;0;0;1;0;0;высокая
A434;2024-10-14;15;Как правильно держать бокал;https://dzen.ru/media/id/63dd27aac30ab522dcce48b3/670d095f996627484ccff641;1377244;62523;38562;40820;745;148;100;0.0454;0.6168;0.0193;0.0038;0.0026;стол_еда;польза;бытовая;читатель;нет;0;0;0;0;1;1;0;высокая
A433;2024-10-16;11;Ярмарка «Светский винтаж»: лекция «Симбиоз делового и светского этикета»;https://dzen.ru/media/id/63dd27aac30ab522dcce48b3/670ec7a0551d0514028c554e;15237;271;121;147;26;3;1;0.0178;0.4465;0.2149;0.0248;0.0083;история_высший_свет;познавательное;узкая;нейтрально;нет;0;0;0;0;1;0;0;низкая
A432;2024-10-18;11;Как обратиться к человеку, чтобы начать его раздражать;https://dzen.ru/media/id/63dd27aac30ab522dcce48b3/67121a6f702a103585223e81;2405466;238337;111053;195829;2242;1829;505;0.0991;0.4659;0.0202;0.0165;0.0045;отношения_общение;польза;бытовая;читатель;нет;0;1;0;0;1;1;0;высокая
A431;2024-10-23;10;Оставить чаевые – ваша обязанность;https://dzen.ru/media/id/63dd27aac30ab522dcce48b3/6718972e6cd37d17113d6f53;538610;71159;42054;41847;439;987;84;0.1321;0.591;0.0104;0.0235;0.002;деньги;разъяснение_нормы;бытовая;читатель;нет;0;0;0;1;1;1;0;высокая
A430;2024-10-25;7;Ошибки, которые чуть не стоили мне карьеры;https://dzen.ru/media/id/63dd27aac30ab522dcce48b3/671a178300ff8577c75a986c;228414;14811;9104;9952;392;60;46;0.0648;0.6147;0.0431;0.0066;0.0051;работа;познавательное;бытовая;нейтрально;нет;0;1;0;0;0;0;0;высокая
A429;2024-10-28;9;Как правильно звонить в домофон?;https://dzen.ru/media/id/63dd27aac30ab522dcce48b3/671dba3a0135fe0674133d33;2015944;105679;55320;49653;956;334;154;0.0524;0.5235;0.0173;0.006;0.0028;публичные_места_транспорт;польза;бытовая;читатель;нет;0;0;1;0;1;0;0;высокая
A428;2024-10-30;17;Если вы отмечаете Хэллоуин, значит вы вор;https://dzen.ru/media/id/63dd27aac30ab522dcce48b3/6722491540e70a5ac4c6de9c;42866;4541;2283;1630;114;196;7;0.1059;0.5028;0.0499;0.0859;0.0031;гости_праздники;разбор_чужого_поведения;бытовая;читатель;другое;0;1;0;1;1;1;0;высокая
A427;2024-11-01;13;Качества, которые раздражают;https://dzen.ru/media/id/63dd27aac30ab522dcce48b3/6724ad91f3214d12a30f643e;363053;34328;19991;18939;777;137;88;0.0946;0.5824;0.0389;0.0069;0.0044;отношения_общение;разбор_чужого_поведения;бытовая;третьи_лица;другое;0;1;0;0;0;0;0;низкая
A426;2024-11-04;10;Тайный язык королевского этикета;https://dzen.ru/media/id/63dd27aac30ab522dcce48b3/67287d8cb08ab834ddc3bc10;1481385;112601;77097;63168;2242;142;170;0.076;0.6847;0.0291;0.0018;0.0022;история_высший_свет;познавательное;узкая;нейтрально;нет;0;0;0;0;1;0;0;высокая
A425;2024-11-06;12;Что делать, когда вас игнорируют по телефону;https://dzen.ru/media/id/63dd27aac30ab522dcce48b3/672a0fb5d1136548f135dceb;826102;47610;23035;27310;476;154;135;0.0576;0.4838;0.0207;0.0067;0.0059;цифровое_общение;польза;бытовая;читатель;нет;0;1;0;1;1;0;0;высокая
A424;2024-11-08;13;Вы неправильно пьете чай;https://dzen.ru/media/id/63dd27aac30ab522dcce48b3/672a16e353a093571fdede52;1338101;64394;37533;33107;1395;303;125;0.0481;0.5829;0.0372;0.0081;0.0033;стол_еда;польза;бытовая;читатель;нет;0;1;0;1;1;1;0;высокая
A423;2024-11-11;12;Шеф, этикет!;https://dzen.ru/media/id/63dd27aac30ab522dcce48b3/672fa8e75c020758f986bac5;415875;28702;20366;23617;665;358;49;0.069;0.7096;0.0327;0.0176;0.0024;работа;польза;бытовая;нейтрально;нет;0;0;0;0;0;0;0;низкая
A422;2024-11-13;10;Как реагировать на крики начальства;https://dzen.ru/media/id/63dd27aac30ab522dcce48b3/672faeb5195f1460501468f2;1089451;88252;45303;56934;888;864;173;0.081;0.5133;0.0196;0.0191;0.0038;работа;польза;бытовая;читатель;коллеги_начальство;0;1;0;0;1;0;0;высокая
A421;2024-11-15;13;Еще одна история Золушки. Королевский этикет;https://dzen.ru/media/id/63dd27aac30ab522dcce48b3/6735dda23d02300d4725492d;101076;18826;10147;9149;210;52;19;0.1863;0.539;0.0207;0.0051;0.0019;история_высший_свет;познавательное;узкая;третьи_лица;нет;0;0;0;0;1;0;0;высокая
A420;2024-11-18;13;Зачем нужен столовый этикет?;https://dzen.ru/media/id/63dd27aac30ab522dcce48b3/672facd0933ccf37f0f0741e;1171149;45696;31815;34113;1159;292;218;0.039;0.6962;0.0364;0.0092;0.0069;стол_еда;разъяснение_нормы;бытовая;нейтрально;нет;0;0;1;0;0;0;0;высокая
A419;2024-11-20;12;Как реагировать на оскорбления;https://dzen.ru/media/id/63dd27aac30ab522dcce48b3/672fad37728ad76ebc294d89;2485128;235073;146748;212098;3592;1148;888;0.0946;0.6243;0.0245;0.0078;0.0061;отношения_общение;польза;бытовая;читатель;нет;0;0;0;0;1;0;0;высокая
A418;2024-11-22;16;Я поняла в чем ваша проблема;https://dzen.ru/media/id/63dd27aac30ab522dcce48b3/673a5a7b7332de4747266c18;184626;18267;9830;10177;761;92;102;0.0989;0.5381;0.0774;0.0094;0.0104;прочее;польза;бытовая;читатель;нет;0;1;0;1;0;0;0;низкая
A417;2024-11-25;11;Пленница этикета: Королева Ирана, кинозвезда, селебрити;https://dzen.ru/media/id/63dd27aac30ab522dcce48b3/67418ae9bb9b34179b599d32;23865;1522;816;775;60;6;2;0.0638;0.5361;0.0735;0.0074;0.0025;история_высший_свет;познавательное;узкая;третьи_лица;нет;0;0;0;0;1;0;0;высокая
A416;2024-11-27;11;Гарри Поттер в Китае;https://dzen.ru/media/id/63dd27aac30ab522dcce48b3/6745f18d5630cc58dee5cda8;13669;403;169;129;19;0;1;0.0295;0.4194;0.1124;0.0;0.0059;прочее;познавательное;узкая;нейтрально;нет;0;0;0;0;1;0;0;низкая
A415;2024-11-29;12;Порт-куто – что это?;https://dzen.ru/media/id/63dd27aac30ab522dcce48b3/67489e22a34584092fcabea7;133008;13305;6233;6649;553;41;56;0.1;0.4685;0.0887;0.0066;0.009;стол_еда;познавательное;узкая;нейтрально;нет;0;0;1;0;1;0;0;высокая
A414;2024-12-02;13;Самая бедная королевская семья в мире;https://dzen.ru/media/id/63dd27aac30ab522dcce48b3/674cdea1e903fb6ed1306daf;401903;70399;44694;30041;1155;130;104;0.1752;0.6349;0.0258;0.0029;0.0023;история_высший_свет;познавательное;узкая;третьи_лица;нет;0;0;0;0;1;0;0;высокая
A413;2024-12-04;12;Хрустальный этикет;https://dzen.ru/media/id/63dd27aac30ab522dcce48b3/674cc8121260e648646b3c18;442985;28241;18504;14157;706;99;66;0.0638;0.6552;0.0382;0.0054;0.0036;стол_еда;польза;узкая;нейтрально;нет;0;0;0;0;1;0;0;низкая
A412;2024-12-06;11;Не все знают для чего нужна салфетка;https://dzen.ru/media/id/63dd27aac30ab522dcce48b3/674cdc8a99b3202c1f2ddf24;1212911;190333;143141;71301;4704;422;235;0.1569;0.7521;0.0329;0.0029;0.0016;стол_еда;разъяснение_нормы;бытовая;нейтрально;нет;0;0;0;0;1;0;0;высокая
A411;2024-12-09;11;Топ-10 подарков по этикету;https://dzen.ru/media/id/63dd27aac30ab522dcce48b3/6755c1b2a8a0414691b37e0c;1000723;44342;29434;19846;965;163;45;0.0443;0.6638;0.0328;0.0055;0.0015;гости_праздники;польза;бытовая;читатель;нет;1;0;0;0;0;0;0;высокая
A410;2024-12-11;12;Елочная игрушка: подарок или конфликт?;https://dzen.ru/media/id/63dd27aac30ab522dcce48b3/67586a8a9eb6062c05da61c6;455103;21552;12533;15532;337;146;33;0.0474;0.5815;0.0269;0.0116;0.0026;гости_праздники;разъяснение_нормы;бытовая;нейтрально;нет;0;0;1;0;1;1;0;высокая
A409;2024-12-13;13;Как обидеть подарком;https://dzen.ru/media/id/63dd27aac30ab522dcce48b3/675b503ed8fb625d81d3911c;419355;59304;38784;29774;762;635;63;0.1414;0.654;0.0196;0.0164;0.0016;гости_праздники;польза;бытовая;читатель;нет;0;1;0;0;1;0;0;высокая
A408;2024-12-16;11;Вы неправильно едите оливье;https://dzen.ru/media/id/63dd27aac30ab522dcce48b3/675d6e776a55196abda94c2c;388711;43437;23162;19597;454;621;53;0.1117;0.5332;0.0196;0.0268;0.0023;стол_еда;польза;бытовая;читатель;нет;0;1;0;1;1;1;0;высокая
A407;2024-12-18;11;Как не опозориться на корпоративе;https://dzen.ru/media/id/63dd27aac30ab522dcce48b3/675b5096e49bcd65d7de5f0b;295305;31615;16300;16806;535;163;38;0.1071;0.5156;0.0328;0.01;0.0023;работа;польза;бытовая;читатель;нет;0;1;0;0;1;0;0;высокая
A406;2024-12-20;9;Как королевская семья придумывает традиции;https://dzen.ru/media/id/63dd27aac30ab522dcce48b3/675d66e7d3a60a56ca40c5df;1007971;41203;27346;25258;624;119;67;0.0409;0.6637;0.0228;0.0044;0.0025;история_высший_свет;познавательное;узкая;третьи_лица;нет;0;0;0;0;1;0;0;высокая
A405;2024-12-23;12;Новогодний стол как в ресторане;https://dzen.ru/media/id/63dd27aac30ab522dcce48b3/6755cf8807f8224d4183c0bc;448478;19795;11090;9553;254;104;63;0.0441;0.5602;0.0229;0.0094;0.0057;стол_еда;польза;бытовая;читатель;нет;0;0;0;0;1;0;0;высокая
A404;2024-12-25;11;В чем разница: шампанское и игристое?;https://dzen.ru/media/id/63dd27aac30ab522dcce48b3/6755ce500769fc26ca301148;947989;61552;40225;51235;715;289;111;0.0649;0.6535;0.0178;0.0072;0.0028;стол_еда;познавательное;бытовая;нейтрально;нет;0;0;1;0;1;0;0;высокая
A403;2024-12-27;10;Как реагировать на токсичные комментарии;https://dzen.ru/media/id/63dd27aac30ab522dcce48b3/6755c354107ef73196433bb8;1497192;85170;51748;57716;1465;872;165;0.0569;0.6076;0.0283;0.0169;0.0032;цифровое_общение;польза;бытовая;читатель;нет;0;1;0;0;1;0;0;высокая
A402;2024-12-30;9;Как реагировать, если подарок не понравился;https://dzen.ru/media/id/63dd27aac30ab522dcce48b3/676d778d078b4a47b438c49c;1083257;86117;45574;47551;1055;1107;116;0.0795;0.5292;0.0231;0.0243;0.0025;гости_праздники;польза;бытовая;читатель;нет;0;0;0;0;1;0;0;высокая
A401;2025-01-01;12;Не ешьте прошлогодние салаты;https://dzen.ru/media/id/63dd27aac30ab522dcce48b3/67687341ff19cc1d3d38c948;34811;2728;1579;1047;179;68;1;0.0784;0.5788;0.1134;0.0431;0.0006;стол_еда;польза;бытовая;читатель;нет;0;1;0;0;1;0;0;высокая
A400;2025-01-03;8;Как не опозориться с новогодним тостом;https://dzen.ru/media/id/63dd27aac30ab522dcce48b3/67765decb857da78466007bd;106616;15855;10394;5334;415;45;15;0.1487;0.6556;0.0399;0.0043;0.0014;гости_праздники;польза;бытовая;читатель;нет;0;1;0;0;1;0;0;высокая
A399;2025-01-05;7;Этикет на каникулах;https://dzen.ru/media/id/63dd27aac30ab522dcce48b3/67769ae74c82065a67c613a8;66181;1383;612;541;72;27;8;0.0209;0.4425;0.1176;0.0441;0.0131;прочее;польза;бытовая;читатель;нет;0;0;0;0;1;0;0;низкая
A398;2025-01-07;8;Как есть бутерброд с икрой;https://dzen.ru/media/id/63dd27aac30ab522dcce48b3/677bdb0f74c6ec2e8a2cc822;1168501;93215;57965;55733;1085;1007;162;0.0798;0.6218;0.0187;0.0174;0.0028;стол_еда;польза;бытовая;читатель;нет;0;0;0;0;1;0;0;высокая
A397;2025-01-09;7;Как попросить вернуть обратно контейнер от салата;https://dzen.ru/media/id/63dd27aac30ab522dcce48b3/677bff95b96b121a4ab0c7bd;1631037;239992;129842;116331;2131;1693;296;0.1471;0.541;0.0164;0.013;0.0023;отношения_общение;польза;бытовая;читатель;нет;0;0;0;0;1;0;0;высокая
A396;2025-01-13;9;Как целоваться в публичном месте;https://dzen.ru/media/id/63dd27aac30ab522dcce48b3/67823344ca505531c15f2865;1015221;32475;15264;16157;512;321;77;0.032;0.47;0.0335;0.021;0.005;публичные_места_транспорт;польза;бытовая;читатель;нет;0;0;0;0;1;0;0;высокая
A395;2025-01-15;8;Как есть суп;https://dzen.ru/media/id/63dd27aac30ab522dcce48b3/676af877f405b90b52ecfbce;2205470;116503;75231;92514;2085;1381;399;0.0528;0.6457;0.0277;0.0184;0.0053;стол_еда;польза;бытовая;читатель;нет;0;0;0;0;1;0;0;высокая
A394;2025-01-17;9;Как не испортить воздух;https://dzen.ru/media/id/63dd27aac30ab522dcce48b3/6776a0e7b89fd1434de33980;1000268;115732;53421;73179;1284;725;178;0.1157;0.4616;0.024;0.0136;0.0033;публичные_места_транспорт;польза;бытовая;читатель;нет;0;1;0;0;0;0;0;низкая
A393;2025-01-20;9;Я никогда не извиняюсь;https://dzen.ru/media/id/63dd27aac30ab522dcce48b3/678d2ae58e33370bace1c9a4;511351;104826;41999;20274;1662;392;169;0.205;0.4007;0.0396;0.0093;0.004;отношения_общение;разбор_чужого_поведения;бытовая;третьи_лица;другое;0;1;0;0;0;0;0;низкая
A392;2025-01-22;7;Вилка для огурцов;https://dzen.ru/media/id/63dd27aac30ab522dcce48b3/678b9767f295c745119bf8b4;625307;37545;14043;12060;615;149;58;0.06;0.374;0.0438;0.0106;0.0041;стол_еда;познавательное;узкая;нейтрально;нет;0;0;0;0;1;0;0;высокая
A391;2025-01-24;8;Как есть пышки по этикету;https://dzen.ru/media/id/63dd27aac30ab522dcce48b3/677bdef3b96b121a4a7bdffd;1314772;65482;42171;51529;1208;856;134;0.0498;0.644;0.0286;0.0203;0.0032;стол_еда;польза;бытовая;читатель;нет;0;0;0;0;1;0;0;высокая
A390;2025-01-25;7;Темы для светских бесед;https://dzen.ru/media/id/63dd27aac30ab522dcce48b3/67939b1f6a036524f6ea6066;1053915;114645;71822;98455;2530;518;702;0.1088;0.6265;0.0352;0.0072;0.0098;отношения_общение;польза;бытовая;читатель;нет;0;0;0;0;1;0;0;высокая
A389;2025-01-27;9;Кофе с собой – моветон?;https://dzen.ru/media/id/63dd27aac30ab522dcce48b3/678d2bb249dbc957f72d1e1f;4016806;282639;179496;194726;10060;6844;756;0.0704;0.6351;0.056;0.0381;0.0042;публичные_места_транспорт;разъяснение_нормы;бытовая;нейтрально;нет;0;1;1;0;1;1;0;высокая
A388;2025-01-29;10;Этикет китайского Нового года;https://dzen.ru/media/id/63dd27aac30ab522dcce48b3/67973129cfbdb479bea539f2;72583;1009;539;593;87;10;8;0.0139;0.5342;0.1614;0.0186;0.0148;гости_праздники;познавательное;узкая;нейтрально;нет;0;0;0;0;1;0;0;высокая
A387;2025-01-31;9;Как элегантно выйти из спора;https://dzen.ru/media/id/63dd27aac30ab522dcce48b3/6793c829e4e0164089963ebe;887543;59824;35996;52606;1440;230;319;0.0674;0.6017;0.04;0.0064;0.0089;отношения_общение;польза;бытовая;читатель;нет;0;0;0;0;0;0;0;высокая
A386;2025-02-01;8;Сколько я зарабатываю;https://dzen.ru/media/id/63dd27aac30ab522dcce48b3/6793e936b2bea61a68ae0afb;1597400;179988;73700;83930;1883;788;315;0.1127;0.4095;0.0255;0.0107;0.0043;деньги;познавательное;бытовая;нейтрально;нет;0;0;0;0;0;0;0;низкая
A385;2025-02-03;9;Как общаться с неприятными людьми;https://dzen.ru/media/id/63dd27aac30ab522dcce48b3/678b9a161c51c6673dd67f1c;9503553;439695;233423;283249;7148;1318;1610;0.0463;0.5309;0.0306;0.0056;0.0069;отношения_общение;польза;бытовая;читатель;другое;0;0;0;0;0;0;0;высокая
A384;2025-02-05;11;Вилка для сардин;https://dzen.ru/media/id/63dd27aac30ab522dcce48b3/679e52db79e4e83d7d5b4798;537611;24570;10518;11357;642;209;54;0.0457;0.4281;0.061;0.0199;0.0051;стол_еда;познавательное;узкая;нейтрально;нет;0;0;0;0;1;0;0;высокая
A383;2025-02-07;14;Этикет в ресторане;https://dzen.ru/media/id/63dd27aac30ab522dcce48b3/67a3b11302225a70e45c9ef8;19545020;916542;557859;831204;12071;4562;2474;0.0469;0.6087;0.0216;0.0082;0.0044;стол_еда;польза;бытовая;читатель;нет;0;0;0;0;1;0;0;высокая
A382;2025-02-08;11;Комплементы или комплименты?;https://dzen.ru/media/id/63dd27aac30ab522dcce48b3/67a3c20492d8f6099595b74b;446873;32358;11594;15190;690;55;81;0.0724;0.3583;0.0595;0.0047;0.007;отношения_общение;познавательное;бытовая;нейтрально;нет;0;0;1;0;1;0;0;низкая
A381;2025-02-10;11;Как элегантно расстаться;https://dzen.ru/media/id/63dd27aac30ab522dcce48b3/67a3b1a689a16f5704cc8e98;1129279;78903;39834;63158;995;422;192;0.0699;0.5048;0.025;0.0106;0.0048;отношения_общение;польза;бытовая;читатель;нет;0;0;0;0;1;0;0;высокая
A380;2025-02-12;12;Бонбоньерка;https://dzen.ru/media/id/63dd27aac30ab522dcce48b3/67a3b768c07b444f32bb6f20;1144009;71987;30632;22495;1774;84;149;0.0629;0.4255;0.0579;0.0027;0.0049;гости_праздники;познавательное;узкая;нейтрально;нет;0;0;0;0;1;0;0;высокая
A379;2025-02-14;10;Как пережить День всех влюбленных;https://dzen.ru/media/id/63dd27aac30ab522dcce48b3/67a3b154fa37df674c7874ae;245966;9317;4161;4332;151;223;20;0.0379;0.4466;0.0363;0.0536;0.0048;гости_праздники;польза;бытовая;читатель;нет;0;0;0;0;1;0;0;высокая
A378;2025-02-15;13;Телефон интереснее, чем люди;https://dzen.ru/media/id/63dd27aac30ab522dcce48b3/67b03d63a5909b71caadf98f;115620;15561;6608;5227;517;184;26;0.1346;0.4247;0.0782;0.0278;0.0039;цифровое_общение;разбор_чужого_поведения;бытовая;третьи_лица;другое;0;1;0;0;1;1;0;высокая
A377;2025-02-17;9;Что подарить на 23 февраля?;https://dzen.ru/media/id/63dd27aac30ab522dcce48b3/67b0f0b1eba3ab3083eec485;316950;23019;15664;14667;196;122;31;0.0726;0.6805;0.0125;0.0078;0.002;гости_праздники;польза;бытовая;читатель;нет;1;0;1;0;1;0;0;высокая
A376;2025-02-19;11;Цветы мужчинам?;https://dzen.ru/media/id/63dd27aac30ab522dcce48b3/67b0ecad0e6b464c2410d3b4;1056027;84105;15993;15676;497;76;143;0.0796;0.1902;0.0311;0.0048;0.0089;гости_праздники;разъяснение_нормы;бытовая;нейтрально;нет;0;0;1;0;1;1;0;высокая
A375;2025-02-21;9;Как реагировать на обидные комплименты;https://dzen.ru/media/id/63dd27aac30ab522dcce48b3/67a3bb3389a16f5704dd2c04;4484765;299848;142118;169525;4048;1434;654;0.0669;0.474;0.0285;0.0101;0.0046;отношения_общение;польза;бытовая;читатель;нет;0;1;0;0;1;0;0;высокая
A374;2025-02-22;12;Что такое манш-а-жиго;https://dzen.ru/media/id/63dd27aac30ab522dcce48b3/67b993d30135093dea36377e;15243;2522;1539;0;283;37;7;0.1655;0.6102;0.1839;0.024;0.0045;стол_еда;познавательное;узкая;нейтрально;нет;0;0;1;0;1;0;0;высокая
A373;2025-02-24;8;Локти на столе;https://dzen.ru/media/id/63dd27aac30ab522dcce48b3/67bb44b1cb64550b9d19f96d;3116365;230079;116210;103168;4454;649;322;0.0738;0.5051;0.0383;0.0056;0.0028;стол_еда;разъяснение_нормы;бытовая;нейтрально;нет;0;0;0;0;1;1;0;высокая
A372;2025-02-26;7;Как правильно есть палочками;https://dzen.ru/media/id/63dd27aac30ab522dcce48b3/67a3b22f89a16f5704cd860c;1721327;61431;36503;52837;517;340;101;0.0357;0.5942;0.0142;0.0093;0.0028;стол_еда;польза;бытовая;читатель;нет;0;0;0;0;1;0;0;высокая
A371;2025-02-28;7;Стучать в дверь нельзя;https://dzen.ru/media/id/63dd27aac30ab522dcce48b3/67ac42ddcf4d8c43c2e31376;729086;129579;54799;35801;1754;322;99;0.1777;0.4229;0.032;0.0059;0.0018;работа;разъяснение_нормы;бытовая;нейтрально;нет;0;1;0;0;1;1;0;низкая
A370;2025-03-01;8;Оттопыренный мизинец: признак аристократизма или дурного тона?;https://dzen.ru/media/id/63dd27aac30ab522dcce48b3/67c13941586b4d4a9edc9847;653173;81928;52611;31154;1615;406;84;0.1254;0.6422;0.0307;0.0077;0.0016;стол_еда;разъяснение_нормы;бытовая;нейтрально;нет;0;1;1;0;1;1;0;высокая
A369;2025-03-03;6;Лопатка для паштета;https://dzen.ru/media/id/63dd27aac30ab522dcce48b3/67b9a0ca1b5d8d3cae2a649c;646054;28892;15973;15720;595;277;84;0.0447;0.5529;0.0373;0.0173;0.0053;стол_еда;познавательное;узкая;нейтрально;нет;0;0;0;0;1;0;0;высокая
A368;2025-03-05;5;Что подарить на 8 марта?;https://dzen.ru/media/id/63dd27aac30ab522dcce48b3/67c72db0205ede48472077a8;524257;29782;19501;20046;291;203;38;0.0568;0.6548;0.0149;0.0104;0.0019;гости_праздники;польза;бытовая;читатель;нет;1;0;1;0;1;0;0;высокая
A367;2025-03-07;6;Чаевые – всем!;https://dzen.ru/media/id/63dd27aac30ab522dcce48b3/67b7924583dc047ea144ce38;1238790;77141;43355;46298;652;1256;102;0.0623;0.562;0.015;0.029;0.0024;деньги;разъяснение_нормы;бытовая;читатель;нет;0;0;0;0;1;1;0;низкая
A366;2025-03-08;7;Цветы в горшках дарить нельзя;https://dzen.ru/media/id/63dd27aac30ab522dcce48b3/67b03728a5909b71caa68209;2914837;564686;188756;133728;2644;1129;501;0.1937;0.3343;0.014;0.006;0.0027;гости_праздники;разъяснение_нормы;бытовая;нейтрально;нет;0;1;0;0;1;1;0;высокая
A365;2025-03-10;6;Фотографироваться в неподходящих местах;https://dzen.ru/media/id/63dd27aac30ab522dcce48b3/67cc550d1cdbb51640b623cf;36199;2754;1402;951;166;29;2;0.0761;0.5091;0.1184;0.0207;0.0014;публичные_места_транспорт;разбор_чужого_поведения;бытовая;третьи_лица;другое;0;1;0;0;1;0;0;высокая
A364;2025-03-12;5;Как начать раздражать человека по переписке;https://dzen.ru/media/id/63dd27aac30ab522dcce48b3/67c7315df4400c7534c4c4d1;1058218;102231;54983;89957;1431;928;284;0.0966;0.5378;0.026;0.0169;0.0052;цифровое_общение;польза;бытовая;читатель;нет;0;1;0;0;1;0;0;высокая
A363;2025-03-14;5;Загадочная кофейная банка;https://dzen.ru/media/id/63dd27aac30ab522dcce48b3/67cc5a446d765c59f4a11606;105878;7015;3129;2972;256;48;15;0.0663;0.446;0.0818;0.0153;0.0048;стол_еда;познавательное;узкая;нейтрально;нет;0;0;0;0;1;0;0;низкая
A362;2025-03-15;7;Как не украсть чужую историю;https://dzen.ru/media/id/63dd27aac30ab522dcce48b3/67b79c580046007a391db23f;433328;23473;3196;3063;313;24;55;0.0542;0.1362;0.0979;0.0075;0.0172;отношения_общение;польза;бытовая;читатель;нет;0;1;0;0;0;0;0;высокая
A361;2025-03-18;5;Как вести себя в метро, чтобы вас не ненавидели;https://dzen.ru/media/id/63dd27aac30ab522dcce48b3/67d7668a795bde0c1a710917;186995;25065;14323;9049;686;636;39;0.134;0.5714;0.0479;0.0444;0.0027;публичные_места_транспорт;польза;бытовая;читатель;нет;0;1;0;1;1;0;0;высокая
A360;2025-03-19;11;Вы точно говорите по-русски?;https://dzen.ru/media/id/63dd27aac30ab522dcce48b3/67d7641bd11c147eae0639bb;106912;12516;4957;2925;251;123;17;0.1171;0.3961;0.0506;0.0248;0.0034;отношения_общение;познавательное;бытовая;читатель;нет;0;0;1;1;1;0;0;низкая
A359;2025-03-21;15;Как общаться с официантом;https://dzen.ru/media/id/63dd27aac30ab522dcce48b3/67dc7ef429afa9677559e1f3;1117099;112006;69644;113342;1685;732;226;0.1003;0.6218;0.0242;0.0105;0.0032;стол_еда;польза;бытовая;читатель;нет;0;0;0;0;1;0;0;высокая
A358;2025-03-22;15;Быть или не быть онлайн;https://dzen.ru/media/id/63dd27aac30ab522dcce48b3/67d2425488f481026d15d767;4225693;154995;76513;117237;3301;1434;561;0.0367;0.4936;0.0431;0.0187;0.0073;цифровое_общение;польза;бытовая;нейтрально;нет;0;0;1;0;0;0;0;низкая
A357;2025-03-24;12;Как поддерживать правильный small talk в машине;https://dzen.ru/media/id/63dd27aac30ab522dcce48b3/67d7699084b42d75731b341c;826170;32967;16359;18357;292;174;88;0.0399;0.4962;0.0178;0.0106;0.0054;публичные_места_транспорт;польза;бытовая;читатель;нет;0;0;0;0;1;0;0;высокая
A356;2025-03-26;11;Как научиться есть при помощи ножа;https://dzen.ru/media/id/63dd27aac30ab522dcce48b3/67e014f1db637532c9bca5b2;18873;1106;626;0;89;11;8;0.0586;0.566;0.1422;0.0176;0.0128;стол_еда;польза;бытовая;читатель;нет;0;0;0;0;1;0;0;высокая
A355;2025-03-28;6;Как отвечать, когда вас критикуют;https://dzen.ru/media/id/63dd27aac30ab522dcce48b3/67de087f4701de07a902989e;3020370;198977;95354;113752;2418;680;615;0.0659;0.4792;0.0254;0.0071;0.0064;отношения_общение;польза;бытовая;читатель;нет;0;0;0;1;1;0;0;высокая
A354;2025-03-29;6;Тихая роскошь поведения;https://dzen.ru/media/id/63dd27aac30ab522dcce48b3/67de1aae3114b94305c01f1e;10139251;460746;265459;254549;14921;2083;2551;0.0454;0.5762;0.0562;0.0078;0.0096;прочее;разъяснение_нормы;бытовая;нейтрально;нет;0;0;0;0;0;0;0;низкая
A353;2025-03-31;13;Что о вас говорит ваш кофе;https://dzen.ru/media/id/63dd27aac30ab522dcce48b3/67d245b7f39d0f338069a067;1729786;96464;50979;34555;2102;429;157;0.0558;0.5285;0.0412;0.0084;0.0031;стол_еда;познавательное;бытовая;читатель;нет;0;0;1;1;1;0;0;высокая
A352;2025-04-02;4;Как элегантно пресекать манипуляции;https://dzen.ru/media/id/63dd27aac30ab522dcce48b3/67de1da3b7d586607d4b88e3;550180;91364;56497;37727;2740;244;296;0.1661;0.6184;0.0485;0.0043;0.0052;отношения_общение;польза;бытовая;читатель;нет;0;1;0;0;0;0;0;высокая
A350;2025-04-04;15;Словесный шум;https://dzen.ru/media/id/63dd27aac30ab522dcce48b3/67b78aca51a35a1d23214d6f;795922;53764;20964;18504;1168;171;120;0.0675;0.3899;0.0557;0.0082;0.0057;отношения_общение;разбор_чужого_поведения;бытовая;нейтрально;нет;0;0;0;0;0;0;0;низкая
A351;2025-04-04;6;Как есть яйца;https://dzen.ru/media/id/63dd27aac30ab522dcce48b3/67b793df53046856a671ff8c;6;4;4;9;1;0;0;;;;;;стол_еда;польза;бытовая;читатель;нет;0;0;0;0;1;0;0;высокая
A349;2025-04-05;6;Как есть блины по этикету;https://dzen.ru/media/id/63dd27aac30ab522dcce48b3/67b79838f3fda67e670c3893;11938121;538110;264102;326524;7916;2025;1620;0.0451;0.4908;0.03;0.0077;0.0061;стол_еда;польза;бытовая;читатель;нет;0;0;0;0;1;0;0;высокая
A348;2025-04-07;13;Как правильно ответить на неудобный вопрос;https://dzen.ru/media/id/63dd27aac30ab522dcce48b3/67f2a9031047046a46d08f36;1090347;123150;49536;67592;904;428;214;0.1129;0.4022;0.0182;0.0086;0.0043;отношения_общение;польза;бытовая;читатель;нет;0;0;0;0;1;0;0;высокая
A347;2025-04-09;13;Воистину воскрес или воистину воскресе: разбор правильного употребления;https://dzen.ru/media/id/63dd27aac30ab522dcce48b3/67f4a3cbe467857dce7fe15b;540122;61074;18871;18749;428;189;53;0.1131;0.309;0.0227;0.01;0.0028;отношения_общение;разъяснение_нормы;бытовая;нейтрально;нет;0;0;0;0;1;1;0;высокая
A346;2025-04-11;15;Как уходить по-английски и прощаться по этикету;https://dzen.ru/media/id/63dd27aac30ab522dcce48b3/67f2a74789cc1106831965ef;4475645;183703;105823;126635;3006;207;420;0.041;0.5761;0.0284;0.002;0.004;гости_праздники;польза;бытовая;читатель;нет;0;0;0;0;1;0;0;высокая
A345;2025-04-12;15;Как не говорить о работе;https://dzen.ru/media/id/63dd27aac30ab522dcce48b3/67effc921047046a465e146c;470815;22046;10827;10962;345;125;42;0.0468;0.4911;0.0319;0.0115;0.0039;отношения_общение;польза;бытовая;читатель;нет;0;1;0;0;0;0;0;высокая
A344;2025-04-14;5;Что ответить, когда не знаешь, что сказать;https://dzen.ru/media/id/63dd27aac30ab522dcce48b3/67d76bee668f0578acc98674;1549255;208107;90070;125888;2572;496;524;0.1343;0.4328;0.0286;0.0055;0.0058;отношения_общение;польза;бытовая;читатель;нет;0;0;0;0;0;0;0;высокая
A343;2025-04-16;5;Почему дорогие вещи не делают вас элегантнее;https://dzen.ru/media/id/63dd27aac30ab522dcce48b3/67f2a11e148ce5610bed99b3;109322;19223;10025;7096;544;195;27;0.1758;0.5215;0.0543;0.0195;0.0027;внешний_вид;разъяснение_нормы;бытовая;читатель;нет;0;1;0;1;1;1;0;высокая
A342;2025-04-18;5;Как есть салаты по этикету;https://dzen.ru/media/id/63dd27aac30ab522dcce48b3/67f7ff6cf657e116d95715f5;5276218;235338;159207;192733;3912;1136;639;0.0446;0.6765;0.0246;0.0071;0.004;стол_еда;польза;бытовая;читатель;нет;0;0;0;0;1;0;0;высокая
A341;2025-04-19;5;Как складывать зонт;https://dzen.ru/media/id/63dd27aac30ab522dcce48b3/68015d78abfde60e8f35dfc5;501502;32263;17917;20701;1279;150;93;0.0643;0.5553;0.0714;0.0084;0.0052;публичные_места_транспорт;польза;бытовая;читатель;нет;0;0;0;0;1;0;0;высокая
A340;2025-04-21;4;Цифровой этикет;https://dzen.ru/media/id/63dd27aac30ab522dcce48b3/68015985e6b59e57eb4a7d83;1046821;90316;42007;54274;878;464;147;0.0863;0.4651;0.0209;0.011;0.0035;цифровое_общение;разъяснение_нормы;бытовая;нейтрально;нет;0;0;0;0;0;0;0;низкая
A339;2025-04-23;15;Этикет в самолете. Теперь наушники обязательны;https://dzen.ru/media/id/63dd27aac30ab522dcce48b3/6807de294f14493dd1faec6e;45639;4201;2048;1885;291;74;7;0.092;0.4875;0.1421;0.0361;0.0034;публичные_места_транспорт;разъяснение_нормы;бытовая;нейтрально;нет;0;0;0;0;1;1;0;высокая
A338;2025-04-25;6;Этикет против жвачки;https://dzen.ru/media/id/63dd27aac30ab522dcce48b3/68041b0e27a1864908ad2729;573612;23292;10828;11867;387;175;51;0.0406;0.4649;0.0357;0.0162;0.0047;публичные_места_транспорт;разъяснение_нормы;бытовая;нейтрально;нет;0;1;0;0;1;1;0;высокая
A337;2025-04-26;6;Как вежливо манипулировать этикетом;https://dzen.ru/media/id/63dd27aac30ab522dcce48b3/67fad285e1caa514eaa0efc2;52490;3396;1579;1633;229;77;18;0.0647;0.465;0.145;0.0488;0.0114;отношения_общение;польза;бытовая;читатель;нет;0;0;0;0;0;0;0;высокая
A336;2025-04-28;6;Как узнать имя человека, если забыл;https://dzen.ru/media/id/63dd27aac30ab522dcce48b3/680d22bb28dc2229638f28c0;341664;69539;38768;28710;2037;309;74;0.2035;0.5575;0.0525;0.008;0.0019;отношения_общение;польза;бытовая;читатель;нет;0;0;0;0;1;0;0;высокая
A335;2025-04-30;6;Вас слышат или слушают?;https://dzen.ru/media/id/63dd27aac30ab522dcce48b3/680c5a543e3ca00ba091496c;84644;13438;5454;5815;593;48;18;0.1588;0.4059;0.1087;0.0088;0.0033;отношения_общение;польза;бытовая;читатель;нет;0;0;1;1;0;0;0;низкая
A334;2025-05-02;6;Лучший способ испортить отношения: непрошенные советы;https://dzen.ru/media/id/63dd27aac30ab522dcce48b3/68016358e1caa514eab826b3;84148;16115;8448;6188;674;97;15;0.1915;0.5242;0.0798;0.0115;0.0018;отношения_общение;польза;бытовая;нейтрально;нет;0;1;0;0;1;1;0;высокая
A333;2025-05-03;6;Этикет памяти в Петербурге 9 Мая;https://dzen.ru/media/id/63dd27aac30ab522dcce48b3/68139abcf579fe6ab1c08acc;277515;6328;2340;2783;230;57;48;0.0228;0.3698;0.0983;0.0244;0.0205;публичные_места_транспорт;польза;бытовая;читатель;нет;1;0;0;0;1;0;0;высокая
A332;2025-05-05;16;Этикет на 9 мая;https://dzen.ru/media/id/63dd27aac30ab522dcce48b3/680eb9497727ff621422ddf7;326006;46371;30332;46264;1860;831;100;0.1422;0.6541;0.0613;0.0274;0.0033;гости_праздники;польза;бытовая;нейтрально;нет;1;0;0;0;1;0;0;высокая
A331;2025-05-07;6;Можно не отвечать сразу? Вежливое игнорирование людей;https://dzen.ru/media/id/63dd27aac30ab522dcce48b3/680d1fc03fee45474345c128;187261;29474;9957;10758;713;71;35;0.1574;0.3378;0.0716;0.0071;0.0035;цифровое_общение;разъяснение_нормы;бытовая;читатель;нет;0;0;1;0;0;1;0;низкая
A330;2025-05-09;5;Как отвечать, когда вас пытаются пристыдить;https://dzen.ru/media/id/63dd27aac30ab522dcce48b3/680d259d2071087de536f962;625027;99763;54524;45033;2312;364;232;0.1596;0.5465;0.0424;0.0067;0.0043;отношения_общение;польза;бытовая;читатель;нет;0;1;0;1;0;0;0;высокая
A329;2025-05-10;6;Как есть яйца;https://dzen.ru/media/id/63dd27aac30ab522dcce48b3/680d2ba8348137286a4dd16f;26069;3144;1993;0;402;104;8;0.1206;0.6339;0.2017;0.0522;0.004;стол_еда;польза;бытовая;читатель;нет;0;0;0;0;1;0;0;высокая
A328;2025-05-12;13;Можно ли спорить и не выглядеть агрессивно?;https://dzen.ru/media/id/63dd27aac30ab522dcce48b3/680161959ab7045dffe2f800;306680;13644;6417;8313;310;63;51;0.0445;0.4703;0.0483;0.0098;0.0079;отношения_общение;польза;бытовая;читатель;нет;0;1;1;0;1;0;0;высокая
A327;2025-05-14;5;В семье не без урода;https://dzen.ru/media/id/63dd27aac30ab522dcce48b3/681caf7332755952723a1940;10984;15533;12044;6236;753;53;127;1.4141;0.7754;0.0625;0.0044;0.0105;дом_семья;разбор_чужого_поведения;бытовая;третьи_лица;родня_свекровь;0;1;0;0;0;0;0;низкая
A326;2025-05-16;6;Как избежать навязывания чужого мнения;https://dzen.ru/media/id/63dd27aac30ab522dcce48b3/68016014c05ff97f14e23e44;704111;34515;12779;20535;582;191;143;0.049;0.3702;0.0455;0.0149;0.0112;отношения_общение;польза;бытовая;читатель;нет;0;1;0;0;0;0;0;высокая
A325;2025-05-17;6;Как быстро запомнить имя человека;https://dzen.ru/media/id/63dd27aac30ab522dcce48b3/681cdf8ecbff7317c632b3d2;139999;20597;10666;7084;710;65;39;0.1471;0.5178;0.0666;0.0061;0.0037;отношения_общение;польза;бытовая;читатель;нет;0;0;0;0;1;0;0;высокая
A324;2025-05-19;4;Что сказать, если вас неправильно поняли;https://dzen.ru/media/id/63dd27aac30ab522dcce48b3/680166d8527e534590826421;1070545;75314;32262;46636;1218;300;276;0.0704;0.4284;0.0378;0.0093;0.0086;отношения_общение;польза;бытовая;читатель;нет;0;0;0;1;1;0;0;высокая
A323;2025-05-21;6;Как испортить впечатление о себе;https://dzen.ru/media/id/63dd27aac30ab522dcce48b3/68200ae6d568643f0a47ddd0;962899;138876;92565;74078;3073;470;484;0.1442;0.6665;0.0332;0.0051;0.0052;отношения_общение;польза;бытовая;читатель;нет;0;1;0;0;0;0;0;высокая
A322;2025-05-23;6;Слово «ресторан» – это суп;https://dzen.ru/media/id/63dd27aac30ab522dcce48b3/681cbb35cbff7317c602095a;599340;34530;19706;22295;1973;183;175;0.0576;0.5707;0.1001;0.0093;0.0089;стол_еда;познавательное;узкая;нейтрально;нет;0;0;0;0;1;0;0;высокая
A321;2025-05-24;6;Как читать человека за секунды;https://dzen.ru/media/id/63dd27aac30ab522dcce48b3/682a24e1c49d2f29a4a7a9c8;17325586;741021;319226;427431;11652;1282;2608;0.0428;0.4308;0.0365;0.004;0.0082;отношения_общение;польза;бытовая;читатель;нет;0;0;0;0;0;0;0;высокая
A320;2025-05-26;5;Сколько ты зарабатываешь?;https://dzen.ru/media/id/63dd27aac30ab522dcce48b3/682a33c8edaf9d0b2135fe0f;2153314;252503;77333;71202;2682;496;460;0.1173;0.3063;0.0347;0.0064;0.0059;деньги;разъяснение_нормы;бытовая;нейтрально;нет;0;0;1;0;1;0;0;высокая
A319;2025-05-28;5;Эффект прожектора в этикете;https://dzen.ru/media/id/63dd27aac30ab522dcce48b3/682a38945a881453f071df90;462497;28160;11238;18591;719;85;84;0.0609;0.3991;0.064;0.0076;0.0075;отношения_общение;познавательное;бытовая;нейтрально;нет;0;0;0;0;1;0;0;высокая
A318;2025-05-30;5;Как родился этикет;https://dzen.ru/media/id/63dd27aac30ab522dcce48b3/682f710ed972df23db68969f;76078;1769;891;1531;134;37;18;0.0233;0.5037;0.1504;0.0415;0.0202;история_высший_свет;познавательное;узкая;нейтрально;нет;0;0;0;0;0;0;0;высокая
A317;2025-05-31;5;Лето раздевает, а мы теряем лицо?;https://dzen.ru/media/id/63dd27aac30ab522dcce48b3/682a3105a685494e64f4c0c9;422571;89007;61376;41894;3747;1251;138;0.2106;0.6896;0.061;0.0204;0.0022;внешний_вид;разбор_чужого_поведения;бытовая;нейтрально;нет;0;1;1;0;1;1;0;высокая
A316;2025-06-02;5;Как есть мороженое по этикету;https://dzen.ru/media/id/63dd27aac30ab522dcce48b3/683b4d4a80e8847bc070f460;3877521;180217;133424;204089;4051;1467;415;0.0465;0.7404;0.0304;0.011;0.0031;стол_еда;польза;бытовая;читатель;нет;0;0;0;0;1;0;0;высокая
A315;2025-06-04;5;Мисофония в этикете;https://dzen.ru/media/id/63dd27aac30ab522dcce48b3/682a36b598bd244615477d77;1276336;162347;60639;88890;1916;1342;232;0.1272;0.3735;0.0316;0.0221;0.0038;прочее;познавательное;узкая;нейтрально;нет;0;0;0;0;1;0;0;низкая
A314;2025-06-06;5;Ты душишь разговором;https://dzen.ru/media/id/63dd27aac30ab522dcce48b3/682dc8e7306647541837e46d;260022;52436;19587;12414;1536;213;80;0.2017;0.3735;0.0784;0.0109;0.0041;отношения_общение;разбор_чужого_поведения;бытовая;третьи_лица;другое;0;1;0;0;0;0;0;низкая
A313;2025-06-07;5;В чем разница между этикетом и протоколом?;https://dzen.ru/media/id/63dd27aac30ab522dcce48b3/682dcd009582a50508796ede;1158436;20846;10808;13942;425;125;52;0.018;0.5185;0.0393;0.0116;0.0048;прочее;познавательное;узкая;нейтрально;нет;0;0;1;0;0;0;0;высокая
A312;2025-06-09;3;Как «пустое» светское общение повышает статус на ПМЭФ: нейронаука small talk;https://dzen.ru/media/id/63dd27aac30ab522dcce48b3/6841d70143f465753452ad5d;1738229;45002;18969;32592;1198;278;231;0.0259;0.4215;0.0632;0.0147;0.0122;работа;разъяснение_нормы;узкая;нейтрально;нет;0;0;0;0;1;0;0;высокая
A311;2025-06-11;4;Секреты нетворкинга на ПМЭФ;https://dzen.ru/media/id/63dd27aac30ab522dcce48b3/6843b1aa33562a4b41dd93a7;140440;2581;1067;934;154;37;13;0.0184;0.4134;0.1443;0.0347;0.0122;работа;польза;узкая;читатель;нет;0;0;0;0;1;0;0;высокая
A310;2025-06-13;4;Как есть фрукты и ягоды по этикету;https://dzen.ru/media/id/63dd27aac30ab522dcce48b3/683b41e616dc514cdba4dd2a;3185904;141153;103991;159254;2396;1034;450;0.0443;0.7367;0.023;0.0099;0.0043;стол_еда;польза;бытовая;читатель;нет;0;0;0;0;1;0;0;высокая
A309;2025-06-14;4;Деловой этикет на ПМЭФ;https://dzen.ru/media/id/63dd27aac30ab522dcce48b3/68439f20cf8dda7689fee92c;954558;40715;24847;42040;469;199;98;0.0427;0.6103;0.0189;0.008;0.0039;работа;польза;узкая;нейтрально;нет;0;0;0;0;1;0;0;высокая
A308;2025-06-16;5;Три основных правила этикета;https://dzen.ru/media/id/63dd27aac30ab522dcce48b3/683b5390d19484575fdab10d;3023045;135537;72710;103805;2952;325;691;0.0448;0.5365;0.0406;0.0045;0.0095;прочее;польза;бытовая;нейтрально;нет;1;0;0;0;0;0;0;высокая
A307;2025-06-18;6;Культурная программа ПМЭФ: как совместить приятное с полезным;https://dzen.ru/media/id/63dd27aac30ab522dcce48b3/6843ae9e6bc49e3472e364da;104987;2083;719;393;36;13;4;0.0198;0.3452;0.0501;0.0181;0.0056;работа;польза;узкая;читатель;нет;0;0;0;0;1;0;0;высокая
A306;2025-06-19;7;Протокольные нюансы культурной программы больших форумов на примере ПМЭФ;https://dzen.ru/media/id/63dd27aac30ab522dcce48b3/6843a531dae809545e92fdf2;94492;2235;1065;1647;98;43;6;0.0237;0.4765;0.092;0.0404;0.0056;работа;познавательное;узкая;нейтрально;нет;0;0;0;0;1;0;0;высокая
A305;2025-06-21;7;Как есть рис по этикету;https://dzen.ru/media/id/63dd27aac30ab522dcce48b3/683b641095eee80f6c0cbb59;76837;2752;1716;2229;152;97;10;0.0358;0.6235;0.0886;0.0565;0.0058;стол_еда;польза;бытовая;читатель;нет;0;0;0;0;1;0;0;высокая
A304;2025-06-23;5;Как реагировать на массовые открытки;https://dzen.ru/media/id/63dd27aac30ab522dcce48b3/6848bd3cc798ef1f1c2ce418;1163779;140333;68212;86725;1917;854;169;0.1206;0.4861;0.0281;0.0125;0.0025;цифровое_общение;польза;бытовая;читатель;нет;0;0;0;0;1;1;0;высокая
A303;2025-06-25;5;Как съесть яйцо красиво;https://dzen.ru/media/id/63dd27aac30ab522dcce48b3/6843ba73129ad45762e49144;1073447;58724;29781;45720;999;562;114;0.0547;0.5071;0.0335;0.0189;0.0038;стол_еда;польза;бытовая;читатель;нет;0;0;0;0;1;0;0;высокая
A302;2025-06-27;5;Техника «серого камня» в современном этикете;https://dzen.ru/media/id/63dd27aac30ab522dcce48b3/6843c1dedae809545ea2a90c;965264;88165;46067;70973;2350;584;335;0.0913;0.5225;0.051;0.0127;0.0073;отношения_общение;польза;бытовая;нейтрально;нет;0;0;0;0;1;0;0;высокая
A301;2025-06-28;5;Ритуалы как инструмент доверия в деловом этикете;https://dzen.ru/media/id/63dd27aac30ab522dcce48b3/6848c0cc614ba50502081d73;75028;2627;1339;2026;159;23;16;0.035;0.5097;0.1187;0.0172;0.0119;работа;разъяснение_нормы;узкая;нейтрально;нет;0;0;0;0;0;0;0;высокая
A300;2025-06-30;5;Можно ли фотографировать еду в ресторане;https://dzen.ru/media/id/63dd27aac30ab522dcce48b3/6848b691614ba5050203bd0a;469998;37242;15654;17948;374;343;56;0.0792;0.4203;0.0239;0.0219;0.0036;стол_еда;разъяснение_нормы;бытовая;читатель;нет;0;0;1;0;1;1;0;высокая
A299;2025-07-02;5;Если вы ниже по рангу, должны ли вы мириться с хамством?;https://dzen.ru/media/id/63dd27aac30ab522dcce48b3/683b617d610de855479c7162;1304871;116170;57126;85307;1825;804;308;0.089;0.4917;0.0319;0.0141;0.0054;работа;разъяснение_нормы;бытовая;читатель;коллеги_начальство;0;1;1;1;1;1;0;высокая
A298;2025-07-04;5;Как реагировать на письма счастья;https://dzen.ru/media/id/63dd27aac30ab522dcce48b3/684e3ec76bc49e34726f50b8;313562;19067;8847;8978;552;139;27;0.0608;0.464;0.0624;0.0157;0.0031;цифровое_общение;польза;бытовая;читатель;нет;0;0;0;0;1;0;0;высокая
A297;2025-07-05;5;Как пить кофе по этикету;https://dzen.ru/media/id/63dd27aac30ab522dcce48b3/6855f05804af7c23601f9249;1654689;73577;49660;78983;1702;384;323;0.0445;0.6749;0.0343;0.0077;0.0065;стол_еда;польза;бытовая;читатель;нет;0;0;0;0;1;0;0;высокая
A296;2025-07-07;5;Цифровой этикет реакций на сообщения;https://dzen.ru/media/id/63dd27aac30ab522dcce48b3/684e3afee5076503cb2151fc;2002769;97946;36095;51729;967;383;111;0.0489;0.3685;0.0268;0.0106;0.0031;цифровое_общение;польза;бытовая;нейтрально;нет;0;0;0;0;1;0;0;высокая
A295;2025-07-09;4;Солнечные очки в помещении;https://dzen.ru/media/id/63dd27aac30ab522dcce48b3/6848ba2d33562a4b416db818;494175;24735;11250;14095;516;236;37;0.0501;0.4548;0.0459;0.021;0.0033;внешний_вид;разъяснение_нормы;бытовая;нейтрально;нет;0;0;0;0;1;1;0;высокая
A294;2025-07-11;4;Искусственный интеллект и этикет;https://dzen.ru/media/id/63dd27aac30ab522dcce48b3/6855ecff37486b604e9f5a61;35014;1369;482;526;85;32;2;0.0391;0.3521;0.1763;0.0664;0.0041;цифровое_общение;познавательное;бытовая;нейтрально;нет;0;0;0;0;0;0;0;низкая
A293;2025-07-12;5;Фразы, которые убивают диалог;https://dzen.ru/media/id/63dd27aac30ab522dcce48b3/684e4498dae809545e9fc7e3;570419;115496;57210;34732;2292;327;163;0.2025;0.4953;0.0401;0.0057;0.0028;отношения_общение;польза;бытовая;читатель;нет;0;1;0;0;0;0;0;высокая
A292;2025-07-14;4;История этикета в России;https://dzen.ru/media/id/63dd27aac30ab522dcce48b3/684e47b5f0cba24df0c3b729;81647;3169;1279;1587;138;48;1;0.0388;0.4036;0.1079;0.0375;0.0008;история_высший_свет;познавательное;узкая;нейтрально;нет;0;0;0;0;1;0;0;высокая
A291;2025-07-16;5;Что такое хорошие манеры?;https://dzen.ru/media/id/63dd27aac30ab522dcce48b3/6873d94527b84310ade490a9;637798;48106;38315;45490;1937;249;331;0.0754;0.7965;0.0506;0.0065;0.0086;прочее;разъяснение_нормы;бытовая;нейтрально;нет;0;0;1;0;0;0;0;низкая
A290;2025-07-17;5;Этикет на пляже;https://dzen.ru/media/id/63dd27aac30ab522dcce48b3/68765a9146ad481ff3274eae;1206937;45892;22861;23524;494;334;46;0.038;0.4981;0.0216;0.0146;0.002;публичные_места_транспорт;польза;бытовая;читатель;нет;0;0;0;0;1;0;0;высокая
A289;2025-07-18;5;Фразы, которые мгновенно разрушают доверие;https://dzen.ru/media/id/63dd27aac30ab522dcce48b3/6873cb67ef09bd32e5036cf9;95022;14034;7209;5817;545;61;34;0.1477;0.5137;0.0756;0.0085;0.0047;отношения_общение;польза;бытовая;читатель;нет;0;1;0;0;0;0;0;высокая
A288;2025-07-19;5;Как учить детей этикету;https://dzen.ru/media/id/63dd27aac30ab522dcce48b3/6855cd9e9674506b1f2ceec4;271756;11920;6634;7298;528;183;57;0.0439;0.5565;0.0796;0.0276;0.0086;дом_семья;польза;бытовая;читатель;нет;0;0;0;0;1;0;0;высокая
A287;2025-07-21;6;Этикет летнего пикника;https://dzen.ru/media/id/63dd27aac30ab522dcce48b3/6843b7dee81e9155a65113f0;58437;2079;1199;1813;174;72;2;0.0356;0.5767;0.1451;0.0601;0.0017;гости_праздники;польза;бытовая;читатель;нет;0;0;0;0;1;0;0;высокая
A286;2025-07-23;6;Этикет торжественных мероприятий;https://dzen.ru/media/id/63dd27aac30ab522dcce48b3/6873d043b10b8b71566d7fd4;1263599;62212;40034;49109;1157;251;131;0.0492;0.6435;0.0289;0.0063;0.0033;гости_праздники;польза;узкая;нейтрально;нет;0;0;0;0;0;0;0;высокая
A285;2025-07-25;6;Допускает ли этикет опоздания;https://dzen.ru/media/id/63dd27aac30ab522dcce48b3/687d697d6f92306e0a4eb981;1342178;58496;32517;34523;944;331;83;0.0436;0.5559;0.029;0.0102;0.0026;отношения_общение;разъяснение_нормы;бытовая;нейтрально;нет;0;0;1;0;1;1;0;высокая
A284;2025-07-26;6;Как правильно не согласиться с чужой точкой зрения;https://dzen.ru/media/id/63dd27aac30ab522dcce48b3/687d6e054a82000e6fc37009;1986062;102843;45565;58750;1936;191;309;0.0518;0.4431;0.0425;0.0042;0.0068;отношения_общение;польза;бытовая;читатель;нет;0;0;0;0;0;0;0;высокая
A283;2025-07-28;12;Этикет в жару;https://dzen.ru/media/id/63dd27aac30ab522dcce48b3/6884ad134ea451210081fc1c;1791486;80330;44269;60768;1052;280;101;0.0448;0.5511;0.0238;0.0063;0.0023;прочее;польза;бытовая;читатель;нет;0;0;0;0;1;0;0;низкая
A282;2025-07-30;5;Как не отравиться в ресторане;https://dzen.ru/media/id/63dd27aac30ab522dcce48b3/6884a9251574236f60dd5174;1046048;33865;18252;21735;865;187;67;0.0324;0.539;0.0474;0.0102;0.0037;стол_еда;польза;бытовая;читатель;нет;0;1;0;0;1;0;0;высокая
A281;2025-08-01;5;Фразы, которые лучше не говорить;https://dzen.ru/media/id/63dd27aac30ab522dcce48b3/6884b7fd69884043c99331cf;106416;17135;9236;5637;749;83;28;0.161;0.539;0.0811;0.009;0.003;отношения_общение;польза;бытовая;нейтрально;нет;0;1;0;0;0;0;0;высокая
A280;2025-08-02;5;Как самооценка влияет на этикет;https://dzen.ru/media/id/63dd27aac30ab522dcce48b3/6884b35a44c3d77cbee983fb;999414;78718;45437;53042;1573;116;319;0.0788;0.5772;0.0346;0.0026;0.007;прочее;познавательное;бытовая;нейтрально;нет;0;0;0;0;0;0;0;низкая
A279;2025-08-04;10;Как сообщить плохие новости;https://dzen.ru/media/id/63dd27aac30ab522dcce48b3/688e3080594210707b7e6599;983500;27314;11922;13533;508;55;64;0.0278;0.4365;0.0426;0.0046;0.0054;отношения_общение;польза;бытовая;читатель;нет;0;0;0;0;1;0;0;высокая
A278;2025-08-06;5;Этикет на шопинге;https://dzen.ru/media/id/63dd27aac30ab522dcce48b3/6884d8cc1574236f600eaf2b;989917;36667;14796;15808;695;128;36;0.037;0.4035;0.047;0.0087;0.0024;публичные_места_транспорт;польза;бытовая;нейтрально;нет;0;0;0;0;1;0;0;высокая
A277;2025-08-08;5;Незаметные враги репутации;https://dzen.ru/media/id/63dd27aac30ab522dcce48b3/688e227ede02396d905383d4;597734;92589;45924;35492;2398;282;238;0.1549;0.496;0.0522;0.0061;0.0052;отношения_общение;польза;бытовая;нейтрально;нет;0;1;0;0;0;0;0;низкая
A276;2025-08-09;4;Как долго можно смотреть в глаза? Зрительный контакт и этикет;https://dzen.ru/media/id/63dd27aac30ab522dcce48b3/688e26bbd1e1e16d15719619;1650259;65957;37381;39840;859;127;140;0.04;0.5667;0.023;0.0034;0.0037;отношения_общение;польза;бытовая;читатель;нет;0;0;1;0;1;0;0;высокая
A275;2025-08-11;12;У вас есть то, чем вы не пользуетесь;https://dzen.ru/media/id/63dd27aac30ab522dcce48b3/688e36dd51fad0000bcec275;246890;14802;7463;8659;915;85;78;0.06;0.5042;0.1226;0.0114;0.0105;прочее;польза;бытовая;читатель;нет;0;0;0;1;0;0;0;низкая
A274;2025-08-13;5;Где заканчивается откровенность и начинается лицемерие;https://dzen.ru/media/id/63dd27aac30ab522dcce48b3/689922c4cc1c1458e25fd7b2;1531158;109089;85405;87528;3085;230;460;0.0712;0.7829;0.0361;0.0027;0.0054;отношения_общение;разъяснение_нормы;бытовая;нейтрально;нет;0;0;0;0;0;0;0;высокая
A273;2025-08-15;5;Как пережить женскую истерику;https://dzen.ru/media/id/63dd27aac30ab522dcce48b3/689925aa2d1cc46bb3d12ebc;252219;7043;3780;2990;264;61;27;0.0279;0.5367;0.0698;0.0161;0.0071;отношения_общение;польза;бытовая;читатель;женщины;0;1;0;0;1;0;0;высокая
A272;2025-08-16;5;Этикет на даче у друзей;https://dzen.ru/media/id/63dd27aac30ab522dcce48b3/689919e93a8ebb77f926e978;4897312;741228;512442;444467;13687;2415;1102;0.1514;0.6913;0.0267;0.0047;0.0022;гости_праздники;польза;бытовая;нейтрально;нет;0;0;0;0;1;0;0;высокая
A271;2025-08-18;11;Как уволить человека;https://dzen.ru/media/id/63dd27aac30ab522dcce48b3/68a223dcb13a7f1cb1e3b19d;461444;28571;15865;16141;369;238;65;0.0619;0.5553;0.0233;0.015;0.0041;работа;польза;узкая;читатель;нет;0;0;0;0;1;0;0;высокая
A270;2025-08-20;5;Манипуляция первым впечатлением;https://dzen.ru/media/id/63dd27aac30ab522dcce48b3/68a1a3cdb13a2e233e0f1208;704400;30545;17809;16961;695;85;101;0.0434;0.583;0.039;0.0048;0.0057;отношения_общение;польза;бытовая;читатель;нет;0;0;0;0;1;0;0;высокая
A269;2025-08-22;6;Дресс-коды, которые к вам не относятся;https://dzen.ru/media/id/63dd27aac30ab522dcce48b3/68991d0a4557dd55e5de40a1;132387;20559;13299;9671;1013;175;32;0.1553;0.6469;0.0762;0.0132;0.0024;внешний_вид;познавательное;узкая;читатель;нет;0;0;0;1;1;0;0;высокая
A268;2025-08-23;5;Часы как признак невежества;https://dzen.ru/media/id/63dd27aac30ab522dcce48b3/68a225df326e5b5146661c91;329144;70017;35549;23251;1418;354;63;0.2127;0.5077;0.0399;0.01;0.0018;внешний_вид;разъяснение_нормы;бытовая;нейтрально;нет;0;1;0;0;1;1;0;низкая
A267;2025-08-25;9;Как одеться на 1 сентября;https://dzen.ru/media/id/63dd27aac30ab522dcce48b3/68a9abb42573560372518f50;109127;5648;4014;3880;213;40;12;0.0518;0.7107;0.0531;0.01;0.003;внешний_вид;польза;бытовая;читатель;нет;1;0;0;0;1;0;0;высокая
A266;2025-08-27;6;Ты так похудела - комплимент или упрек?;https://dzen.ru/media/id/63dd27aac30ab522dcce48b3/68a19d194952361c36edda26;25483;1421;734;433;98;33;4;0.0558;0.5165;0.1335;0.045;0.0054;отношения_общение;разбор_чужого_поведения;бытовая;нейтрально;нет;0;0;1;0;1;1;0;высокая
A265;2025-08-29;6;Разница между «есть» и «кушать»;https://dzen.ru/media/id/63dd27aac30ab522dcce48b3/68a21f4b4230d279d035c203;15431678;1093376;681814;587321;17053;5857;3174;0.0709;0.6236;0.025;0.0086;0.0047;отношения_общение;разъяснение_нормы;бытовая;нейтрально;нет;0;0;0;0;1;1;0;высокая
A264;2025-08-30;6;Столовый этикет в самолете;https://dzen.ru/media/id/63dd27aac30ab522dcce48b3/68a1a5f8a204564aa740cf3d;4153067;253475;153092;138481;1623;566;331;0.061;0.604;0.0106;0.0037;0.0022;стол_еда;польза;бытовая;читатель;нет;0;0;0;0;1;0;0;высокая
A263;2025-09-01;6;Мое 1 сентября;https://dzen.ru/media/id/63dd27aac30ab522dcce48b3/68b4557f0c5cde33fe51fb0a;56508;1654;963;983;168;20;5;0.0293;0.5822;0.1745;0.0208;0.0052;прочее;познавательное;бытовая;нейтрально;нет;1;0;0;0;1;0;0;низкая
A262;2025-09-03;10;Этикетный оборотень или иллюзия вежливости;https://dzen.ru/media/id/63dd27aac30ab522dcce48b3/688e337fdd24f54edd998ad6;66319;7285;3946;2727;578;109;6;0.1098;0.5417;0.1465;0.0276;0.0015;отношения_общение;разбор_чужого_поведения;бытовая;третьи_лица;другое;0;0;0;0;0;0;0;низкая
A261;2025-09-05;11;Когда нужно вернуть долг по этикету;https://dzen.ru/media/id/63dd27aac30ab522dcce48b3/68a2221651f2a12c74539ab8;741210;54889;35167;43202;1255;358;146;0.0741;0.6407;0.0357;0.0102;0.0042;деньги;разъяснение_нормы;бытовая;читатель;нет;0;0;0;0;1;0;0;высокая
A260;2025-09-06;5;Зачем в лифте зеркало;https://dzen.ru/media/id/63dd27aac30ab522dcce48b3/68a1ae984230d279d0b8e4b0;168429;27443;14269;8282;998;127;14;0.1629;0.52;0.0699;0.0089;0.001;публичные_места_транспорт;познавательное;бытовая;нейтрально;нет;0;0;1;0;1;0;0;высокая
A259;2025-09-08;10;Почему самые воспитанные люди самые опасные;https://dzen.ru/media/id/63dd27aac30ab522dcce48b3/68babedf282488273343260c;1220412;218356;117068;68480;4385;869;442;0.1789;0.5361;0.0375;0.0074;0.0038;отношения_общение;разбор_чужого_поведения;бытовая;третьи_лица;нет;0;1;1;0;0;0;0;высокая
A258;2025-09-10;12;Куда положить зонт в ресторане;https://dzen.ru/media/id/63dd27aac30ab522dcce48b3/68babb168d69e628bbb0099c;527224;38096;24282;27806;1057;129;95;0.0723;0.6374;0.0435;0.0053;0.0039;стол_еда;польза;бытовая;читатель;нет;0;0;1;0;1;0;0;высокая
A257;2025-09-12;6;Дама здоровается первая! Как здороваться согласно светскому этикету;https://dzen.ru/media/id/63dd27aac30ab522dcce48b3/68bac34982ef2a1e7203304e;740046;116505;71388;37345;2137;241;220;0.1574;0.6127;0.0299;0.0034;0.0031;отношения_общение;разъяснение_нормы;бытовая;нейтрально;нет;0;0;0;0;1;1;0;высокая
A256;2025-09-13;5;Как попросить повышение зарплаты;https://dzen.ru/media/id/63dd27aac30ab522dcce48b3/68babd25dd36c46d6e5d01e2;168110;6498;3688;4339;194;47;26;0.0387;0.5676;0.0526;0.0127;0.007;работа;польза;бытовая;читатель;нет;0;0;0;0;1;0;0;высокая
A255;2025-09-15;6;Как украшения нарушают этикет;https://dzen.ru/media/id/63dd27aac30ab522dcce48b3/68c42ff05b792419360893d1;2547882;243058;135346;98293;3221;917;391;0.0954;0.5568;0.0238;0.0068;0.0029;внешний_вид;разъяснение_нормы;узкая;нейтрально;нет;0;1;0;0;1;1;0;высокая
A254;2025-09-16;15;Элегантность употребления алкоголя;https://dzen.ru/media/id/63dd27aac30ab522dcce48b3/68c68b3db7325c409e862107;15377;1382;849;688;40;0;0;0.0899;0.6143;0.0471;0.0;0.0;стол_еда;польза;бытовая;нейтрально;нет;0;0;0;0;1;0;0;высокая
A253;2025-09-17;5;Как «привет» может стоить карьеры;https://dzen.ru/media/id/63dd27aac30ab522dcce48b3/68bac6a68d69e628bbc0c10a;5790566;386220;188133;168437;4887;1107;822;0.0667;0.4871;0.026;0.0059;0.0044;работа;разъяснение_нормы;бытовая;читатель;нет;0;1;0;0;1;1;0;высокая
A252;2025-09-18;6;Топ-10 ошибок застольного этикета;https://dzen.ru/media/id/63dd27aac30ab522dcce48b3/68c68f71efed904d54875ab9;57245;7284;5849;4635;89;0;16;0.1272;0.803;0.0152;0.0;0.0027;стол_еда;польза;бытовая;нейтрально;нет;1;1;0;0;0;0;0;высокая
A251;2025-09-19;5;Смешная ошибка столового этикета;https://dzen.ru/media/id/63dd27aac30ab522dcce48b3/68c439d86f9b675db4731c02;7530080;485581;318525;378205;6743;2765;1347;0.0645;0.656;0.0212;0.0087;0.0042;стол_еда;познавательное;бытовая;нейтрально;нет;0;1;0;0;0;0;0;низкая
A250;2025-09-20;5;У тебя пахнет изо рта;https://dzen.ru/media/id/63dd27aac30ab522dcce48b3/68c42b644e88bf099d462c78;261423;45590;30166;12229;1209;279;34;0.1744;0.6617;0.0401;0.0092;0.0011;отношения_общение;польза;бытовая;нейтрально;нет;0;1;0;0;1;0;0;низкая
A249;2025-09-22;6;Этикет духов осенью;https://dzen.ru/media/id/63dd27aac30ab522dcce48b3/68cf42f812e1b53b4e251da5;138133;10155;6238;6856;346;39;26;0.0735;0.6143;0.0555;0.0063;0.0042;внешний_вид;польза;бытовая;нейтрально;нет;0;0;0;0;1;0;0;высокая
A248;2025-09-23;12;Как не оставлять следы от помады;https://dzen.ru/media/id/63dd27aac30ab522dcce48b3/68cfdec8ca5aca7320ac0c6e;3847;207;157;95;21;0;0;0.0538;0.7585;0.1338;0.0;0.0;стол_еда;польза;бытовая;читатель;нет;0;0;0;0;1;0;0;низкая
A247;2025-09-24;6;Как воспитать мужчину, который дарит цветы;https://dzen.ru/media/id/63dd27aac30ab522dcce48b3/68c83c55d99d823f51e7f9ef;466596;22316;9806;7833;406;396;58;0.0478;0.4394;0.0414;0.0404;0.0059;отношения_общение;польза;бытовая;читатель;мужчины;0;0;0;0;1;0;0;высокая
A246;2025-09-25;7;Цветы в гостях;https://dzen.ru/media/id/63dd27aac30ab522dcce48b3/68cfdf5290b25a0ab337b2c1;694001;127517;62231;29180;832;0;138;0.1837;0.488;0.0134;0.0;0.0022;гости_праздники;польза;бытовая;нейтрально;нет;0;0;0;0;1;0;0;высокая
A245;2025-09-26;6;Этикет автомобилиста;https://dzen.ru/media/id/63dd27aac30ab522dcce48b3/68cf37f02a0efa402d093264;61350;2594;1424;1615;100;26;6;0.0423;0.549;0.0702;0.0183;0.0042;публичные_места_транспорт;польза;бытовая;читатель;нет;0;0;0;0;1;0;0;высокая
A244;2025-09-27;6;Как выйти замуж за заботливого мужчину;https://dzen.ru/media/id/63dd27aac30ab522dcce48b3/68cf46ca9091fc28b665b1e8;94942;12511;7290;4280;551;320;20;0.1318;0.5827;0.0756;0.0439;0.0027;отношения_общение;польза;бытовая;читатель;нет;0;0;0;0;1;0;0;высокая
A242;2025-09-29;6;Этикет на День учителя;https://dzen.ru/media/id/63dd27aac30ab522dcce48b3/68d839de411a92297112a2cf;342385;20344;12565;13000;307;200;39;0.0594;0.6176;0.0244;0.0159;0.0031;гости_праздники;польза;бытовая;читатель;нет;0;0;0;0;1;0;0;высокая
A243;2025-09-29;1;Этикет курильщика;https://dzen.ru/media/id/63dd27aac30ab522dcce48b3/68d854758708355f375009ce;120054;16371;8816;6601;119;0;19;0.1364;0.5385;0.0135;0.0;0.0022;публичные_места_транспорт;польза;бытовая;нейтрально;нет;0;0;0;0;1;0;0;высокая
A241;2025-10-01;6;Кто ходит в гости, тот нарушает этикет;https://dzen.ru/media/id/63dd27aac30ab522dcce48b3/68d83b137c87061c305febbc;1197947;239792;145721;61155;3009;1022;739;0.2002;0.6077;0.0206;0.007;0.0051;гости_праздники;разъяснение_нормы;бытовая;нейтрально;гости;0;1;0;0;1;1;0;высокая
A240;2025-10-02;6;Нужно ли использовать все приборы на домашнем застолье;https://dzen.ru/media/id/63dd27aac30ab522dcce48b3/68d85a46f7e53e790d415b29;2615;32;7;6;3;0;0;0.0122;;;;;стол_еда;разъяснение_нормы;бытовая;нейтрально;нет;0;0;1;0;1;1;0;высокая
A239;2025-10-03;6;Аватар против карьеры;https://dzen.ru/media/id/63dd27aac30ab522dcce48b3/68d8242df54dbb52d0644ffe;133224;12982;5216;4219;267;189;14;0.0974;0.4018;0.0512;0.0362;0.0027;цифровое_общение;разъяснение_нормы;бытовая;читатель;нет;0;1;0;0;1;1;0;высокая
A238;2025-10-04;5;Семейный этикет;https://dzen.ru/media/id/63dd27aac30ab522dcce48b3/68cf44df316d1775411a4f8f;168902;9656;3897;3635;262;62;29;0.0572;0.4036;0.0672;0.0159;0.0074;дом_семья;польза;бытовая;нейтрально;нет;0;0;0;0;0;0;0;низкая
A237;2025-10-06;5;Как нарушить этикет не нарушая;https://dzen.ru/media/id/63dd27aac30ab522dcce48b3/68d8532d4b61de53db374b29;78643;3023;1619;1599;170;67;8;0.0384;0.5356;0.105;0.0414;0.0049;прочее;польза;бытовая;читатель;нет;0;0;0;0;0;0;0;низкая
A236;2025-10-07;15;Можно ли пить вино со льдом?;https://dzen.ru/media/id/63dd27aac30ab522dcce48b3/68dff7ad1130210c935b163c;10040;457;272;258;16;0;0;0.0455;0.5952;0.0588;0.0;0.0;стол_еда;разъяснение_нормы;бытовая;нейтрально;нет;0;0;1;0;1;1;0;высокая
A235;2025-10-08;6;Как оскорбить человека не сказав ни слова;https://dzen.ru/media/id/63dd27aac30ab522dcce48b3/68dff6df6e185f1baef09c6d;7553981;573669;241405;214046;6378;1787;2322;0.0759;0.4208;0.0264;0.0074;0.0096;отношения_общение;польза;бытовая;читатель;нет;0;1;0;0;0;0;0;высокая
A234;2025-10-09;6;Как выйти из-за стола, если вы захотели покурить;https://dzen.ru/media/id/63dd27aac30ab522dcce48b3/68dffceecb1ab64e565f4a8f;23174;180;85;73;5;0;0;0.0078;0.4722;;;;стол_еда;польза;бытовая;читатель;нет;0;0;0;1;1;0;0;высокая
A233;2025-10-10;9;Она нарушила королевский протокол;https://dzen.ru/media/id/63dd27aac30ab522dcce48b3/68dffc8913e9620c6ae7d63e;540414;104711;57790;29670;989;56;225;0.1938;0.5519;0.0171;0.001;0.0039;история_высший_свет;разбор_чужого_поведения;узкая;третьи_лица;другое;0;1;0;0;1;0;0;высокая
A232;2025-10-11;7;Этикет против каблуков;https://dzen.ru/media/id/63dd27aac30ab522dcce48b3/68dff6884953315479aeaa35;1802519;126371;60384;50170;1235;650;314;0.0701;0.4778;0.0205;0.0108;0.0052;внешний_вид;разъяснение_нормы;бытовая;нейтрально;нет;0;0;0;0;1;1;0;высокая
A231;2025-10-13;10;Застольный этикет;https://dzen.ru/media/id/63dd27aac30ab522dcce48b3/68ec1178b4d1206b000ab78f;604264;47680;31841;31731;558;89;466;0.0789;0.6678;0.0175;0.0028;0.0146;стол_еда;польза;бытовая;нейтрально;нет;0;0;0;0;0;0;0;низкая
A230;2025-10-14;6;Можно ли поднимать тост, если в бокале пусто?;https://dzen.ru/media/id/63dd27aac30ab522dcce48b3/68e81f5efba0286ff3623205;48169;360;120;96;3;0;3;0.0075;0.3333;0.025;0.0;0.025;стол_еда;польза;бытовая;читатель;нет;0;0;1;0;1;0;0;высокая
A229;2025-10-15;6;Этикет в пробке;https://dzen.ru/media/id/63dd27aac30ab522dcce48b3/68e804618e98e1176a8615ed;90530;5259;3423;3226;155;69;6;0.0581;0.6509;0.0453;0.0202;0.0018;публичные_места_транспорт;польза;бытовая;читатель;нет;0;0;0;0;1;0;0;высокая
A228;2025-10-16;6;Правда ли, что вилка всегда в левой руке? Разбираем мифы о столовом этикете;https://dzen.ru/media/id/63dd27aac30ab522dcce48b3/68e82081e7ae21418484fb43;10650;847;641;593;38;0;2;0.0795;0.7568;0.0593;0.0;0.0031;стол_еда;разъяснение_нормы;бытовая;нейтрально;нет;0;0;1;0;1;1;0;высокая
A227;2025-10-17;6;Этикет детей за праздничным столом: как воспитать маленького гостя;https://dzen.ru/media/id/63dd27aac30ab522dcce48b3/68e82ebd20cef80020ca2094;135081;6592;3538;3881;232;119;14;0.0488;0.5367;0.0656;0.0336;0.004;стол_еда;польза;бытовая;читатель;нет;0;0;0;0;1;0;0;высокая
A226;2025-10-18;5;Этикет в театре;https://dzen.ru/media/id/63dd27aac30ab522dcce48b3/68e82cabe7ae2141848bdf77;1304527;53022;34133;42677;1744;583;147;0.0406;0.6438;0.0511;0.0171;0.0043;публичные_места_транспорт;польза;бытовая;нейтрально;нет;0;0;0;0;1;0;0;высокая
A225;2025-10-20;11;Этикет для соседей;https://dzen.ru/media/id/63dd27aac30ab522dcce48b3/68f51ec34d505347cb4aaaf1;138519;7230;4341;3869;280;51;17;0.0522;0.6004;0.0645;0.0117;0.0039;дом_семья;польза;бытовая;нейтрально;нет;0;0;0;0;1;0;0;высокая
A224;2025-10-21;7;Что подарить хозяевам застолья: универсальные и провальные варианты;https://dzen.ru/media/id/63dd27aac30ab522dcce48b3/68f52eaaa338645c0b2a3e1e;1798195;109957;87403;91594;2222;380;193;0.0611;0.7949;0.0254;0.0043;0.0022;гости_праздники;польза;бытовая;читатель;нет;0;1;0;0;1;0;0;высокая
A223;2025-10-22;6;Этикет против каникул;https://dzen.ru/media/id/63dd27aac30ab522dcce48b3/68e80966ba597a593cd77313;144371;7848;3405;3631;112;57;8;0.0544;0.4339;0.0329;0.0167;0.0023;прочее;разъяснение_нормы;бытовая;нейтрально;нет;0;1;0;0;1;1;0;низкая
A222;2025-10-23;6;Гость опоздал: стоит ли начинать без него;https://dzen.ru/media/id/63dd27aac30ab522dcce48b3/68f5307d14f4d936c886f254;2065453;155669;99514;87439;2554;380;339;0.0754;0.6393;0.0257;0.0038;0.0034;гости_праздники;польза;бытовая;читатель;гости;0;0;1;0;1;0;0;высокая
A221;2025-10-24;7;Этикет: ограничение или свобода?;https://dzen.ru/media/id/63dd27aac30ab522dcce48b3/68e96db60cbf23407c0aaed4;38444;1349;536;627;94;36;4;0.0351;0.3973;0.1754;0.0672;0.0075;прочее;разъяснение_нормы;бытовая;нейтрально;нет;0;0;1;0;0;0;0;высокая
A220;2025-10-25;7;Когда муж перестает быть супругом;https://dzen.ru/media/id/63dd27aac30ab522dcce48b3/68f52c18dd73ca4c23e1b105;48166619;3123535;1072551;924312;19505;4914;8128;0.0648;0.3434;0.0182;0.0046;0.0076;дом_семья;разбор_чужого_поведения;бытовая;третьи_лица;мужчины;0;0;0;0;0;0;0;низкая
A219;2025-10-27;12;Эмодзи клоуна – оскорбление или нет;https://dzen.ru/media/id/63dd27aac30ab522dcce48b3/68fe91284a5a361f8301acf4;25605;4364;1388;896;100;70;5;0.1704;0.3181;0.072;0.0504;0.0036;цифровое_общение;разъяснение_нормы;бытовая;нейтрально;нет;0;1;1;0;1;1;0;высокая
A218;2025-10-28;6;Тарелки, приборы и бокалы: минимум, который должен знать каждый;https://dzen.ru/media/id/63dd27aac30ab522dcce48b3/68fe88202838d622c7c5734b;3507;127;76;43;6;0;0;0.0362;0.5984;;;;стол_еда;польза;бытовая;читатель;нет;0;0;0;0;1;0;0;высокая
A217;2025-10-29;6;Как элегантно читать книги;https://dzen.ru/media/id/63dd27aac30ab522dcce48b3/68fe95af9504783537206101;48087;1920;1012;1049;118;70;7;0.0399;0.5271;0.1166;0.0692;0.0069;прочее;польза;бытовая;читатель;нет;0;0;0;0;1;0;0;высокая
A216;2025-10-30;10;Этикет музыки: как подобрать фон к застолью;https://dzen.ru/media/id/63dd27aac30ab522dcce48b3/68fe89aa7ed67f2779ce9315;2690;25;18;19;3;0;0;0.0093;;;;;гости_праздники;польза;бытовая;читатель;нет;0;0;0;0;1;0;0;высокая
A215;2025-10-31;6;Праздник иммигранта без регистрации;https://dzen.ru/media/id/63dd27aac30ab522dcce48b3/68fe8b2d1810287604b4a948;25572;2093;685;442;69;57;0;0.0818;0.3273;0.1007;0.0832;0.0;прочее;познавательное;узкая;нейтрально;нет;0;0;0;0;1;0;0;низкая
A214;2025-11-01;6;Как сообщить плохие новости;https://dzen.ru/media/id/63dd27aac30ab522dcce48b3/68fe970c4f58bf206cc21914;147926;9497;5055;6418;258;35;20;0.0642;0.5323;0.051;0.0069;0.004;отношения_общение;польза;бытовая;читатель;нет;0;0;0;0;1;0;0;высокая
A213;2025-11-03;6;Этикет Дня народного единства;https://dzen.ru/media/id/63dd27aac30ab522dcce48b3/690756816c1a137a072a58dc;8075;543;262;244;71;18;1;0.0672;0.4825;0.271;0.0687;0.0038;гости_праздники;польза;бытовая;нейтрально;нет;0;0;0;0;1;0;0;высокая
A212;2025-11-04;6;Как держать бокал для коньяка;https://dzen.ru/media/id/63dd27aac30ab522dcce48b3/69074ea6b7a2c57976d4ff69;6792;221;152;173;11;0;0;0.0325;0.6878;0.0724;0.0;0.0;стол_еда;польза;бытовая;читатель;нет;0;0;0;0;1;0;0;высокая
A211;2025-11-05;17;Этикет по разводу;https://dzen.ru/media/id/63dd27aac30ab522dcce48b3/69075ab34227de1adfacae91;588990;39447;26490;31209;434;234;93;0.067;0.6715;0.0164;0.0088;0.0035;дом_семья;польза;бытовая;нейтрально;нет;0;0;0;0;1;0;0;высокая
A210;2025-11-06;11;Шпильки дома и пижамы на праздник: дресс-код новогоднего застолья;https://dzen.ru/media/id/63dd27aac30ab522dcce48b3/690750376c1a137a07246f50;968;11;10;9;2;0;0;0.0114;;;;;внешний_вид;польза;бытовая;читатель;нет;0;0;0;0;1;1;0;высокая
A209;2025-11-07;5;Ссора на публике;https://dzen.ru/media/id/63dd27aac30ab522dcce48b3/6907587f63c1542864c35535;51542;8165;4021;2180;333;41;5;0.1584;0.4925;0.0828;0.0102;0.0012;публичные_места_транспорт;польза;бытовая;нейтрально;нет;0;0;0;0;1;0;0;низкая
A208;2025-11-08;6;Этикет против колготок;https://dzen.ru/media/id/63dd27aac30ab522dcce48b3/690751d3e0d30a4d2385ef43;5716823;299341;171402;213038;4037;1648;504;0.0524;0.5726;0.0236;0.0096;0.0029;внешний_вид;разъяснение_нормы;бытовая;нейтрально;нет;0;0;0;0;1;1;0;высокая
A207;2025-11-10;13;Этикет пешехода;https://dzen.ru/media/id/63dd27aac30ab522dcce48b3/6910d8717dcb9029e0e97391;31813;1418;1008;1151;94;39;6;0.0446;0.7109;0.0933;0.0387;0.006;публичные_места_транспорт;польза;бытовая;нейтрально;нет;0;0;0;0;1;0;0;высокая
A206;2025-11-11;6;Дарить ли алкоголь хозяевам и как правильно это сделать;https://dzen.ru/media/id/63dd27aac30ab522dcce48b3/6910e03f5b80947f858e714b;4667;113;66;83;11;0;0;0.0242;0.5841;;;;гости_праздники;польза;бытовая;читатель;нет;0;0;1;0;1;1;0;высокая
A205;2025-11-12;6;Мамам не до этикета: о невидимом труде, который мы перестали замечать;https://dzen.ru/media/id/63dd27aac30ab522dcce48b3/6910db001b8336643eddb077;157694;8723;3967;3595;295;55;54;0.0553;0.4548;0.0744;0.0139;0.0136;дом_семья;разъяснение_нормы;бытовая;третьи_лица;нет;0;0;0;0;1;0;0;высокая
A204;2025-11-13;6;Как правильно наливать шампанское;https://dzen.ru/media/id/63dd27aac30ab522dcce48b3/6910e118aedabb2e24760a5f;14203;996;738;830;75;0;5;0.0701;0.741;0.1016;0.0;0.0068;стол_еда;польза;бытовая;читатель;нет;0;0;0;0;1;0;0;высокая
A203;2025-11-14;10;Этикет в музее;https://dzen.ru/media/id/63dd27aac30ab522dcce48b3/6910dcd49200a14d3591af09;37919;1339;783;935;99;34;7;0.0353;0.5848;0.1264;0.0434;0.0089;публичные_места_транспорт;польза;бытовая;читатель;нет;0;0;0;0;1;0;0;высокая
A202;2025-11-15;6;Кто украл у России Киндер-сюрприз?;https://dzen.ru/media/id/63dd27aac30ab522dcce48b3/6910dd314fdaa54bfd25ddab;131172;15882;7141;4393;557;182;22;0.1211;0.4496;0.078;0.0255;0.0031;прочее;познавательное;бытовая;нейтрально;нет;0;1;1;0;1;0;0;низкая
A201;2025-11-17;7;10 блюд, которые я бы никогда не заказала на первом свидании;https://dzen.ru/media/id/63dd27aac30ab522dcce48b3/6913414ca8b499516651e6e2;128806;25133;17829;10063;713;692;31;0.1951;0.7094;0.04;0.0388;0.0017;стол_еда;польза;бытовая;читатель;нет;1;1;0;0;1;1;0;высокая
A200;2025-11-18;7;Как выбрать бокалы к праздничному столу: от шампанского до вина;https://dzen.ru/media/id/63dd27aac30ab522dcce48b3/69120f5a604acf5b5193bd38;2152;18;9;12;3;0;0;0.0084;;;;;стол_еда;польза;бытовая;читатель;нет;0;0;0;0;1;0;0;высокая
A199;2025-11-19;5;Можно ли сидеть за столом скрестив ноги;https://dzen.ru/media/id/63dd27aac30ab522dcce48b3/69137ef4a9b3de7cf980953c;8594800;473743;482547;406248;5993;1067;1536;0.0551;1.0186;0.0124;0.0022;0.0032;стол_еда;польза;бытовая;читатель;нет;0;0;1;0;1;0;0;высокая
A198;2025-11-20;7;Сервировка новогоднего стола: классика vs современность;https://dzen.ru/media/id/63dd27aac30ab522dcce48b3/691209eaa43d9f7b725da8a7;2675;41;17;26;2;0;0;0.0153;;;;;стол_еда;польза;бытовая;нейтрально;нет;0;0;0;0;1;0;0;высокая
A197;2025-11-21;7;Этикет в кинотеатре;https://dzen.ru/media/id/63dd27aac30ab522dcce48b3/69137b54aedabb2e2407a31f;42188;2194;1223;1157;102;97;4;0.052;0.5574;0.0834;0.0793;0.0033;публичные_места_транспорт;польза;бытовая;нейтрально;нет;0;0;0;0;1;0;0;высокая
A196;2025-11-22;6;Каким парфюмом пользовались Романовы?;https://dzen.ru/media/id/63dd27aac30ab522dcce48b3/691225db13841327799c4180;195223;17962;11707;14263;397;72;46;0.092;0.6518;0.0339;0.0062;0.0039;история_высший_свет;познавательное;узкая;нейтрально;нет;0;0;1;0;1;0;0;высокая
A195;2025-11-24;7;Как цвет посуды влияет на насыщаемость;https://dzen.ru/media/id/63dd27aac30ab522dcce48b3/69137cdfaedabb2e240a17a4;126578;9950;6040;6235;305;54;22;0.0786;0.607;0.0505;0.0089;0.0036;стол_еда;познавательное;бытовая;нейтрально;нет;0;0;0;0;1;0;0;высокая
A194;2025-11-25;7;Цветы на Новый год: букет или еловый венок?;https://dzen.ru/media/id/63dd27aac30ab522dcce48b3/6912113b7dcb9029e09224ea;917;8;3;2;2;0;0;0.0087;;;;;гости_праздники;польза;бытовая;нейтрально;нет;0;0;1;0;1;0;0;высокая
A193;2025-11-26;7;Подкормка без обесценивания;https://dzen.ru/media/id/63dd27aac30ab522dcce48b3/691380b7bd0bbd39bf0f7e3e;704926;90782;30930;31468;1482;353;217;0.1288;0.3407;0.0479;0.0114;0.007;прочее;польза;бытовая;нейтрально;нет;0;0;0;0;0;0;0;низкая
A192;2025-11-27;7;Сколько вина наливать в бокал;https://dzen.ru/media/id/63dd27aac30ab522dcce48b3/69121701127d6a6c1df1d04c;6859;380;234;238;15;0;0;0.0554;0.6158;0.0641;0.0;0.0;стол_еда;польза;бытовая;читатель;нет;0;0;1;0;1;0;0;высокая
A191;2025-11-28;18;Этикет для геймеров;https://dzen.ru/media/id/63dd27aac30ab522dcce48b3/691383fda9242d4bfa82c20d;21214;546;223;209;56;9;0;0.0257;0.4084;0.2511;0.0404;0.0;цифровое_общение;польза;узкая;читатель;нет;0;0;0;0;1;0;0;высокая
A190;2025-11-29;8;Этикет знаков зодиака;https://dzen.ru/media/id/63dd27aac30ab522dcce48b3/69138379772ce42de0081af7;17718;1812;754;423;128;23;1;0.1023;0.4161;0.1698;0.0305;0.0013;прочее;познавательное;бытовая;нейтрально;нет;0;0;0;0;1;0;0;высокая
A189;2025-12-01;16;Этикет присутствия;https://dzen.ru/media/id/63dd27aac30ab522dcce48b3/692c83561f2a3b1edf221af9;36992;1325;428;527;95;11;7;0.0358;0.323;0.222;0.0257;0.0164;прочее;разъяснение_нормы;бытовая;нейтрально;нет;0;0;0;0;0;0;0;низкая
A188;2025-12-02;6;Как по этикету пить разные типы вин;https://dzen.ru/media/id/63dd27aac30ab522dcce48b3/692c9d09f2a6a03d40421299;2719;70;28;31;8;0;0;0.0257;;;;;стол_еда;польза;бытовая;читатель;нет;0;0;0;0;1;0;0;высокая
A187;2025-12-03;12;Кто такие тарелочницы;https://dzen.ru/media/id/63dd27aac30ab522dcce48b3/692c7e258173bb64a5922176;189073;50457;18347;14105;782;1010;35;0.2669;0.3636;0.0426;0.055;0.0019;отношения_общение;разбор_чужого_поведения;бытовая;третьи_лица;женщины;0;0;0;0;1;0;0;высокая
A186;2025-12-04;13;Новый год: тосты, подарки, сервировка;https://dzen.ru/media/id/63dd27aac30ab522dcce48b3/692c83cf39305e0523aa3b49;890;10;6;3;4;0;0;0.0112;;;;;гости_праздники;польза;бытовая;нейтрально;нет;0;0;0;0;1;0;0;высокая
A185;2025-12-05;6;Как выглядел и сколько стоил самый дорогой обед 19 века;https://dzen.ru/media/id/63dd27aac30ab522dcce48b3/692c81a5799bac0b22dd7476;781808;57090;34705;37115;599;143;101;0.073;0.6079;0.0173;0.0041;0.0029;история_высший_свет;познавательное;узкая;нейтрально;нет;1;0;0;0;1;0;0;высокая
A184;2025-12-06;8;Этикет на ярмарке;https://dzen.ru/media/id/63dd27aac30ab522dcce48b3/692c7dba1f2a3b1edf1a8c00;20831;657;326;343;108;9;0;0.0315;0.4962;0.3313;0.0276;0.0;публичные_места_транспорт;польза;бытовая;нейтрально;нет;0;0;0;0;1;0;0;высокая
A183;2025-12-08;12;Этикет подарков детям;https://dzen.ru/media/id/63dd27aac30ab522dcce48b3/6935945dc10d4960a0c698e7;109426;9263;5339;6243;167;38;15;0.0847;0.5764;0.0313;0.0071;0.0028;дом_семья;польза;бытовая;читатель;нет;0;0;0;0;1;0;0;высокая
A182;2025-12-09;12;Можно ли самому наливать себе напиток;https://dzen.ru/media/id/63dd27aac30ab522dcce48b3/69358fbce70d9d325c5160c3;32473;3757;2580;2151;123;0;9;0.1157;0.6867;0.0477;0.0;0.0035;стол_еда;разъяснение_нормы;бытовая;читатель;нет;0;0;1;0;1;1;0;высокая
A180;2025-12-11;13;Как дарить алкоголь;https://dzen.ru/media/id/63dd27aac30ab522dcce48b3/69358c035e853a1113268e39;2256;51;30;36;6;0;0;0.0226;;;;;гости_праздники;польза;бытовая;читатель;нет;0;0;0;0;1;0;0;высокая
A181;2025-12-11;6;Антиэтикет: что точно не стоит делать в новогодний сезон;https://dzen.ru/media/id/63dd27aac30ab522dcce48b3/69359822e6a451708ad8e0a2;10491;1214;866;613;193;8;2;0.1157;0.7133;0.2229;0.0092;0.0023;гости_праздники;польза;бытовая;читатель;нет;0;1;0;0;1;0;0;высокая
A179;2025-12-12;12;Этикет 2026: 10 новых трендов в этикете, о которых молчат книги;https://dzen.ru/media/id/63dd27aac30ab522dcce48b3/693596ea2b4fd22326680d79;80279;15421;7032;4771;518;55;34;0.1921;0.456;0.0737;0.0078;0.0048;прочее;познавательное;бытовая;нейтрально;нет;1;0;0;0;1;0;0;высокая
A178;2025-12-13;6;Подарки – это коррупция;https://dzen.ru/media/id/63dd27aac30ab522dcce48b3/69359353e1b578752e80e7e6;17139;1624;847;651;127;38;2;0.0948;0.5216;0.1499;0.0449;0.0024;деньги;разъяснение_нормы;бытовая;нейтрально;нет;0;1;0;0;1;1;0;низкая
A177;2025-12-15;6;Испорченный праздник из-за необдуманной фразы;https://dzen.ru/media/id/63dd27aac30ab522dcce48b3/693e922ec3b529492de32083;38344;7487;2874;2025;306;49;2;0.1953;0.3839;0.1065;0.017;0.0007;гости_праздники;разбор_чужого_поведения;бытовая;третьи_лица;нет;0;1;0;0;1;0;0;высокая
A176;2025-12-16;10;Отказ от алкоголя – символ неуважения;https://dzen.ru/media/id/63dd27aac30ab522dcce48b3/693e8c000976141cafe094c1;22877;3505;2370;1231;186;0;5;0.1532;0.6762;0.0785;0.0;0.0021;стол_еда;разъяснение_нормы;бытовая;нейтрально;нет;0;1;0;0;1;1;0;высокая
A175;2025-12-17;12;Три ошибки на новогоднем вечере;https://dzen.ru/media/id/63dd27aac30ab522dcce48b3/693e9eca7e27d113807532df;3763967;165371;107585;101081;1942;506;426;0.0439;0.6506;0.0181;0.0047;0.004;гости_праздники;польза;бытовая;читатель;нет;1;1;0;0;1;0;0;высокая
A174;2025-12-18;10;Кто должен поднимать первый тост;https://dzen.ru/media/id/63dd27aac30ab522dcce48b3/693c8768533948527b7f203e;34341;3173;1608;1734;73;19;4;0.0924;0.5068;0.0454;0.0118;0.0025;стол_еда;разъяснение_нормы;бытовая;нейтрально;нет;0;0;0;0;1;0;0;высокая
A173;2025-12-19;10;Как не выглядеть смешно на корпоративе;https://dzen.ru/media/id/63dd27aac30ab522dcce48b3/693ea10e566f616587d6bf43;16346;1912;1135;954;93;24;1;0.117;0.5936;0.0819;0.0211;0.0009;работа;польза;бытовая;читатель;нет;0;1;0;0;1;0;0;высокая
A172;2025-12-20;11;Когда пора уходить с новогоднего застолья;https://dzen.ru/media/id/63dd27aac30ab522dcce48b3/693e9f470976141caff871ed;1210142;59885;35224;31022;921;274;115;0.0495;0.5882;0.0261;0.0078;0.0033;гости_праздники;польза;бытовая;читатель;нет;0;0;0;0;1;0;0;высокая
A171;2025-12-22;10;Самый раздражающий гость, это вы?;https://dzen.ru/media/id/63dd27aac30ab522dcce48b3/6948191e7776ec1d425fbb35;210700;52714;26058;15739;1304;254;61;0.2502;0.4943;0.05;0.0097;0.0023;гости_праздники;разбор_чужого_поведения;бытовая;читатель;гости;0;1;1;1;0;0;0;высокая
A169;2025-12-23;10;Как создать ощущение праздника, даже если Новый год без размаха;https://dzen.ru/media/id/63dd27aac30ab522dcce48b3/694804c2f4a9394601ac8065;2963;74;44;47;8;0;0;0.025;;;;;гости_праздники;польза;бытовая;читатель;нет;0;0;0;0;1;0;0;высокая
A170;2025-12-23;7;Винтаж как часть сервировки;https://dzen.ru/media/id/63dd27aac30ab522dcce48b3/69499b0d64be0147777bd1c2;26251;1107;404;320;48;15;2;0.0422;0.365;0.1188;0.0371;0.005;стол_еда;познавательное;узкая;нейтрально;нет;0;0;0;0;1;0;0;высокая
A168;2025-12-24;10;Как есть закуски за праздничным столом;https://dzen.ru/media/id/63dd27aac30ab522dcce48b3/69481c1098059e4c777e6172;109444;2818;1550;1808;96;22;8;0.0257;0.55;0.0619;0.0142;0.0052;стол_еда;польза;бытовая;читатель;нет;0;0;0;0;1;0;0;высокая
A167;2025-12-25;16;Можно ли чокаться стаканами с водой;https://dzen.ru/media/id/63dd27aac30ab522dcce48b3/6948067ef4a9394601aeb194;1639;47;31;35;4;0;0;0.0287;;;;;стол_еда;разъяснение_нормы;бытовая;нейтрально;нет;0;0;1;0;1;1;0;высокая
A166;2025-12-26;9;Как сказать плохой тост;https://dzen.ru/media/id/63dd27aac30ab522dcce48b3/694811f97087b2140f74b21d;960445;65628;40342;35442;565;148;94;0.0683;0.6147;0.014;0.0037;0.0023;гости_праздники;польза;бытовая;читатель;нет;0;1;0;0;1;0;0;высокая
A165;2025-12-27;6;Настоящие или искусственные свечи на столе?;https://dzen.ru/media/id/63dd27aac30ab522dcce48b3/69481ef1767e450dac8bfc4e;27588;639;276;301;63;8;1;0.0232;0.4319;0.2283;0.029;0.0036;стол_еда;разъяснение_нормы;бытовая;нейтрально;нет;0;0;1;0;1;1;0;высокая
A164;2025-12-29;12;Как отмечали Новый год в Царской России?;https://dzen.ru/media/id/63dd27aac30ab522dcce48b3/69515445a5ebb71be83717a4;215825;9044;4824;5358;184;43;21;0.0419;0.5334;0.0381;0.0089;0.0044;история_высший_свет;познавательное;узкая;нейтрально;нет;0;0;1;0;1;0;0;высокая
A163;2025-12-30;4;Телефоны за новогодним столом: допустимо или моветон;https://dzen.ru/media/id/63dd27aac30ab522dcce48b3/69514f596fc6d7224d27b7ff;2570;17;3;1;3;0;0;0.0066;;;;;гости_праздники;разъяснение_нормы;бытовая;нейтрально;нет;0;1;1;0;1;1;0;высокая
A162;2025-12-31;10;Как получить 50 тысяч подписчиков за год;https://dzen.ru/media/id/63dd27aac30ab522dcce48b3/69515336c3623b459e988718;20064;470;164;177;57;8;4;0.0234;0.3489;0.3476;0.0488;0.0244;цифровое_общение;польза;узкая;читатель;нет;1;0;0;0;1;0;0;высокая
A161;2026-01-01;12;Рождество: отличие в тоне и традициях;https://dzen.ru/media/id/63dd27aac30ab522dcce48b3/69514a231e75223ebd0a7a1a;1662;11;3;2;3;0;0;0.0066;;;;;гости_праздники;познавательное;бытовая;нейтрально;нет;0;0;0;0;1;0;0;высокая
A160;2026-01-02;13;Не хватает только спасибо;https://dzen.ru/media/id/63dd27aac30ab522dcce48b3/6951556e43c19f4e6f823738;703533;33215;13996;11919;856;155;58;0.0472;0.4214;0.0612;0.0111;0.0041;отношения_общение;разбор_чужого_поведения;бытовая;третьи_лица;другое;0;0;0;0;0;0;0;низкая
A159;2026-01-12;11;Балы в Российской империи;https://dzen.ru/media/id/63dd27aac30ab522dcce48b3/69517280d24769283fdd0d02;20171;689;365;475;57;33;3;0.0342;0.5298;0.1562;0.0904;0.0082;история_высший_свет;познавательное;узкая;нейтрально;нет;0;0;0;0;1;0;0;высокая
A158;2026-01-13;10;Где сидят хозяева, где гости: схема рассадки;https://dzen.ru/media/id/63dd27aac30ab522dcce48b3/696147b8e3db5c6061a7be92;10019;272;159;137;12;0;0;0.0271;0.5846;0.0755;0.0;0.0;стол_еда;польза;бытовая;читатель;нет;0;0;0;0;1;0;0;высокая
A157;2026-01-14;11;Фамилии, которые стали словами;https://dzen.ru/media/id/63dd27aac30ab522dcce48b3/6951574dc3623b459e9dbe68;2047682;207689;81725;78620;1451;513;317;0.1014;0.3935;0.0178;0.0063;0.0039;история_высший_свет;познавательное;узкая;нейтрально;нет;0;0;0;0;1;0;0;высокая
A156;2026-01-15;12;Можно ли приходить в гости с животными;https://dzen.ru/media/id/63dd27aac30ab522dcce48b3/696149922e2b4a128b0279bc;93748;2388;1135;537;18;0;9;0.0255;0.4753;0.0159;0.0;0.0079;гости_праздники;разъяснение_нормы;бытовая;нейтрально;нет;0;0;1;0;1;1;0;высокая
A155;2026-01-16;11;Этикет на сайте знакомств;https://dzen.ru/media/id/63dd27aac30ab522dcce48b3/69614772a45e4e67c3211407;853642;32595;15606;13542;221;310;63;0.0382;0.4788;0.0142;0.0199;0.004;цифровое_общение;польза;бытовая;нейтрально;нет;0;0;0;0;1;0;0;высокая
A154;2026-01-17;6;Правила этикета на прогулке с собакой;https://dzen.ru/media/id/63dd27aac30ab522dcce48b3/696144d4a5ebb71be8eda482;80515;11122;5313;5282;300;204;23;0.1381;0.4777;0.0565;0.0384;0.0043;публичные_места_транспорт;польза;бытовая;читатель;нет;0;0;0;0;1;0;0;высокая
A153;2026-01-19;11;Оценки за поведение введут во все школы с 1 сентября;https://dzen.ru/media/id/63dd27aac30ab522dcce48b3/696cb82fc71bdc43a5b3c83b;8006;315;170;230;21;15;0;0.0393;0.5397;0.1235;0.0882;0.0;прочее;познавательное;бытовая;нейтрально;нет;1;0;0;0;1;0;0;высокая
A152;2026-01-20;12;Как отличить фарфор от фаянса;https://dzen.ru/media/id/63dd27aac30ab522dcce48b3/696cc2f93afdea314977f599;4618;223;147;111;3;0;0;0.0483;0.6592;0.0204;0.0;0.0;стол_еда;познавательное;узкая;читатель;нет;0;0;0;0;1;0;0;высокая
A151;2026-01-21;12;Обострение хронической тупости после праздников;https://dzen.ru/media/id/63dd27aac30ab522dcce48b3/6970a079077e8f045f1346b6;10462;588;248;147;33;23;1;0.0562;0.4218;0.1331;0.0927;0.004;прочее;разбор_чужого_поведения;бытовая;третьи_лица;другое;0;1;0;0;0;0;0;низкая
A150;2026-01-22;15;Этикет чаепития;https://dzen.ru/media/id/63dd27aac30ab522dcce48b3/696cc10bb3868b4e7787df26;3950;73;52;52;9;0;0;0.0185;;;;;стол_еда;польза;бытовая;читатель;нет;0;0;0;0;1;0;0;высокая
A149;2026-01-23;12;Как обсуждать здоровье по этикету;https://dzen.ru/media/id/63dd27aac30ab522dcce48b3/6973417e6f55303e74bd11a6;18517;1128;693;812;50;16;1;0.0609;0.6144;0.0722;0.0231;0.0014;отношения_общение;польза;бытовая;читатель;нет;0;0;0;0;1;0;0;высокая
A148;2026-01-24;12;Как не стать плохим гостем;https://dzen.ru/media/id/63dd27aac30ab522dcce48b3/696cc8552821ba5513d1a56b;11370;616;431;584;54;39;0;0.0542;0.6997;0.1253;0.0905;0.0;гости_праздники;польза;бытовая;читатель;нет;0;1;0;0;0;0;0;высокая
A147;2026-01-26;14;Как пережить хамство на работе после выходных;https://dzen.ru/media/id/63dd27aac30ab522dcce48b3/6977490a26b5c6151e7c74f7;527806;23890;10863;10001;285;113;54;0.0453;0.4547;0.0262;0.0104;0.005;работа;польза;бытовая;читатель;коллеги_начальство;0;1;0;0;1;0;0;высокая
A146;2026-01-27;10;С какой едой сочетать красное вино;https://dzen.ru/media/id/63dd27aac30ab522dcce48b3/6975fc3fcfce4a65cb2b3339;5562;223;111;108;7;0;1;0.0401;0.4978;0.0631;0.0;0.009;стол_еда;польза;бытовая;читатель;нет;0;0;0;0;1;0;0;высокая
A145;2026-01-28;13;Как элегантно попросить повышение;https://dzen.ru/media/id/63dd27aac30ab522dcce48b3/6979e7e94437833b46b4ea3c;12273;699;424;699;47;10;0;0.057;0.6066;0.1108;0.0236;0.0;работа;польза;бытовая;читатель;нет;0;0;0;0;1;0;0;высокая
A144;2026-01-29;12;Можно ли мыть посуду при гостях;https://dzen.ru/media/id/63dd27aac30ab522dcce48b3/6976025f618339313fb10f15;3837562;321480;195100;68264;1464;0;481;0.0838;0.6069;0.0075;0.0;0.0025;гости_праздники;разъяснение_нормы;бытовая;читатель;нет;0;0;1;0;1;1;0;высокая
A143;2026-01-30;12;Джентльмен не пропустит леди...;https://dzen.ru/media/id/63dd27aac30ab522dcce48b3/697c7b967ec66d64f95ebcf8;700418;62996;35635;22750;1744;460;79;0.0899;0.5657;0.0489;0.0129;0.0022;отношения_общение;разъяснение_нормы;бытовая;нейтрально;нет;0;0;0;0;0;1;0;высокая
A142;2026-01-31;11;Привычка перебивать собеседника;https://dzen.ru/media/id/63dd27aac30ab522dcce48b3/697dbdf953d8595cadc893a3;3138888;228430;109439;89779;3298;867;586;0.0728;0.4791;0.0301;0.0079;0.0054;отношения_общение;разбор_чужого_поведения;бытовая;третьи_лица;другое;0;0;0;0;1;0;0;высокая
A141;2026-02-02;11;Не стоит извиняться за всё подряд;https://dzen.ru/media/id/63dd27aac30ab522dcce48b3/698062c871f0967fd973fd04;70845;2135;787;780;97;27;12;0.0301;0.3686;0.1233;0.0343;0.0152;отношения_общение;польза;бытовая;читатель;нет;0;1;0;0;0;1;0;высокая
A140;2026-02-03;13;Сухие цветы: можно ли дарить по этикету;https://dzen.ru/media/id/63dd27aac30ab522dcce48b3/698065a821168d71a51d663b;3284;72;39;14;1;0;0;0.0219;;;;;гости_праздники;разъяснение_нормы;бытовая;нейтрально;нет;0;0;1;0;1;1;0;высокая
A139;2026-02-04;12;100 правил этикета;https://dzen.ru/media/id/63dd27aac30ab522dcce48b3/69831775477a861ce0ae0dd0;1379665;58527;43840;60136;1351;137;209;0.0424;0.7491;0.0308;0.0031;0.0048;прочее;польза;бытовая;нейтрально;нет;1;0;0;0;0;0;0;низкая
A138;2026-02-05;13;Мясо не всегда режется ножом;https://dzen.ru/media/id/63dd27aac30ab522dcce48b3/69846d4cb64e210ec9499ead;1934;63;35;36;4;0;0;0.0326;;;;;стол_еда;разъяснение_нормы;бытовая;нейтрально;нет;0;0;0;0;1;1;0;высокая
A137;2026-02-06;12;Наглость или забота гостей?;https://dzen.ru/media/id/63dd27aac30ab522dcce48b3/6985b78fdb12ae7446e6d908;119268;33795;14455;6517;1142;129;39;0.2834;0.4277;0.079;0.0089;0.0027;гости_праздники;разбор_чужого_поведения;бытовая;третьи_лица;гости;0;1;1;0;0;0;0;высокая
A136;2026-02-07;10;Масленица;https://dzen.ru/media/id/63dd27aac30ab522dcce48b3/6986ebb8a9cb7849f0d6ecda;141515;5487;1460;1110;92;20;43;0.0388;0.2661;0.063;0.0137;0.0295;гости_праздники;познавательное;бытовая;нейтрально;нет;0;0;0;0;1;0;0;низкая
A135;2026-02-09;11;Китайский Новый Год;https://dzen.ru/media/id/63dd27aac30ab522dcce48b3/69899ea0db12ae7446c3b144;68201;1746;608;172;41;11;26;0.0256;0.3482;0.0674;0.0181;0.0428;гости_праздники;познавательное;узкая;нейтрально;нет;0;0;0;0;1;0;0;высокая
A134;2026-02-10;7;Как есть помидоры черри;https://dzen.ru/media/id/63dd27aac30ab522dcce48b3/69899fac0f83b1583df89211;973816;77356;58428;23020;801;0;129;0.0794;0.7553;0.0137;0.0;0.0022;стол_еда;польза;бытовая;читатель;нет;0;0;0;0;1;0;0;высокая
A133;2026-02-11;12;3 секретных сигнала хороших манер;https://dzen.ru/media/id/63dd27aac30ab522dcce48b3/696cc9660a33112e4677c858;76281;10986;6402;3339;438;46;35;0.144;0.5827;0.0684;0.0072;0.0055;отношения_общение;польза;бытовая;читатель;нет;1;0;0;0;0;0;0;высокая
A132;2026-02-12;6;Передавайте кружки правильно;https://dzen.ru/media/id/63dd27aac30ab522dcce48b3/698c50f64af95548ef34bcdb;1853;22;15;11;3;0;0;0.0119;;;;;стол_еда;польза;бытовая;читатель;нет;0;0;0;0;1;0;0;высокая
A131;2026-02-13;6;Голосовые сообщения: минусы и плюсы;https://dzen.ru/media/id/63dd27aac30ab522dcce48b3/698c559c4763ed47210b3a0c;47890;2387;838;710;64;26;11;0.0498;0.3511;0.0764;0.031;0.0131;цифровое_общение;разъяснение_нормы;бытовая;нейтрально;нет;0;0;0;0;1;0;0;высокая
A130;2026-02-14;6;Этикет Дня Святого Валентина;https://dzen.ru/media/id/63dd27aac30ab522dcce48b3/698c597d6c1dd34f5344c10d;56368;1263;577;703;55;47;9;0.0224;0.4568;0.0953;0.0815;0.0156;гости_праздники;польза;бытовая;нейтрально;нет;0;0;0;0;1;0;0;высокая
A129;2026-02-16;12;Туалет или уборная?;https://dzen.ru/media/id/63dd27aac30ab522dcce48b3/6992dd503d552d18d65755c9;53943;10898;6694;3121;434;198;17;0.202;0.6142;0.0648;0.0296;0.0025;отношения_общение;разъяснение_нормы;бытовая;нейтрально;нет;0;0;1;0;1;1;0;высокая
A128;2026-02-17;6;Как подавать и есть тирамису;https://dzen.ru/media/id/63dd27aac30ab522dcce48b3/699368d0dc116e459fe3e2ab;6414;148;85;84;4;0;1;0.0231;0.5743;;;;стол_еда;польза;бытовая;читатель;нет;0;0;0;0;1;0;0;высокая
A127;2026-02-18;6;ЗимФестАмур;https://dzen.ru/media/id/63dd27aac30ab522dcce48b3/6994d347ea4f9867ed99201b;53628;489;88;50;19;7;10;0.0091;0.18;;;;прочее;познавательное;узкая;нейтрально;нет;0;0;0;0;1;0;0;низкая
A126;2026-02-19;6;Этикет конфет;https://dzen.ru/media/id/63dd27aac30ab522dcce48b3/6994d4fd9e126268a59bc19f;2223;67;39;43;2;0;0;0.0301;;;;;стол_еда;польза;бытовая;нейтрально;нет;0;0;0;0;1;0;0;высокая
A125;2026-02-20;11;Этикет для персонала;https://dzen.ru/media/id/63dd27aac30ab522dcce48b3/699818e097ddef09c5fb5fc4;15565;582;291;333;42;3;0;0.0374;0.5;0.1443;0.0103;0.0;работа;польза;узкая;нейтрально;нет;0;0;0;0;0;0;0;низкая
A124;2026-02-21;6;Этикет на 23 февраля;https://dzen.ru/media/id/63dd27aac30ab522dcce48b3/69981b31f7c9b17c66ceb61b;118625;9712;5562;5512;179;234;11;0.0819;0.5727;0.0322;0.0421;0.002;гости_праздники;польза;бытовая;читатель;нет;1;0;0;0;1;0;0;высокая
A123;2026-02-23;13;Этикет для школьников;https://dzen.ru/media/id/63dd27aac30ab522dcce48b3/699c227f4948182381c528f7;1132749;67188;27583;21572;991;500;153;0.0593;0.4105;0.0359;0.0181;0.0055;прочее;польза;бытовая;нейтрально;нет;0;0;0;0;1;0;0;высокая
A122;2026-02-24;16;Как стильно накрыть стол за 15 минут;https://dzen.ru/media/id/63dd27aac30ab522dcce48b3/699c45284948182381f124c6;2552;36;26;27;3;0;0;0.0141;;;;;стол_еда;польза;бытовая;читатель;нет;1;0;0;0;1;0;0;высокая
A121;2026-02-25;11;Нужен ли дресс-код в спортзалах?;https://dzen.ru/media/id/63dd27aac30ab522dcce48b3/699eb6bc7e3fad32911e760b;491044;17834;8814;5345;113;320;33;0.0363;0.4942;0.0128;0.0363;0.0037;внешний_вид;разъяснение_нормы;бытовая;нейтрально;нет;0;0;1;0;1;1;0;высокая
A120;2026-02-26;12;Нужны ли подставки под напитки?;https://dzen.ru/media/id/63dd27aac30ab522dcce48b3/69a00c32d0f5970c40c3fedd;1751;21;9;5;1;0;0;0.012;;;;;стол_еда;разъяснение_нормы;бытовая;нейтрально;нет;0;0;1;0;1;1;0;высокая
A119;2026-02-27;6;Какие правила этикета постоянно нарушают?;https://dzen.ru/media/id/63dd27aac30ab522dcce48b3/696ccdd456e4430fc1e5747f;963865;99189;50407;42779;1473;693;158;0.1029;0.5082;0.0292;0.0137;0.0031;прочее;разбор_чужого_поведения;бытовая;третьи_лица;другое;0;1;1;0;0;0;0;высокая
A118;2026-02-28;6;Почему нож справа, а вилка слева?;https://dzen.ru/media/id/63dd27aac30ab522dcce48b3/696cc2813afdea3149775dbb;2012885;164828;95473;94658;2191;529;256;0.0819;0.5792;0.0229;0.0055;0.0027;стол_еда;разъяснение_нормы;бытовая;нейтрально;нет;0;0;1;0;1;0;0;высокая
A116;2026-03-02;13;Наставничество (тьюторство) – профессия будущего;https://dzen.ru/media/id/63dd27aac30ab522dcce48b3/69a55d3b2ca7165f888a5d98;88664;1127;330;320;45;51;8;0.0127;0.2928;0.1364;0.1545;0.0242;работа;познавательное;узкая;нейтрально;нет;0;0;0;0;1;0;0;высокая
A117;2026-03-02;11;Когда-нибудь она станет президентом;https://dzen.ru/media/id/63dd27aac30ab522dcce48b3/69a54b948ab50139c0ab5743;209;20;18;19;1;1;0;;;;;;прочее;познавательное;бытовая;третьи_лица;нет;0;0;0;0;0;0;0;низкая
A115;2026-03-03;11;Как сделать ужин как в ресторане;https://dzen.ru/media/id/63dd27aac30ab522dcce48b3/69a553fce55b6a07bf2ac9ee;3903;32;14;11;2;0;0;0.0082;;;;;стол_еда;польза;бытовая;читатель;нет;0;0;0;0;1;0;0;высокая
A114;2026-03-04;11;Когда-нибудь она станет президентом;https://dzen.ru/media/id/63dd27aac30ab522dcce48b3/69a7eeb9c7cdd850ac55588b;13478;1695;897;0;92;29;5;0.1258;0.5292;0.1026;0.0323;0.0056;прочее;познавательное;узкая;третьи_лица;нет;0;0;0;0;0;0;0;низкая
A113;2026-03-05;11;Тонкости китайского столового этикета;https://dzen.ru/media/id/63dd27aac30ab522dcce48b3/69a943881f9647023418af7f;1429;19;10;26;3;0;0;0.0133;;;;;стол_еда;познавательное;узкая;нейтрально;нет;0;0;0;0;1;0;0;высокая
A112;2026-03-06;6;Старший брат для всех детей;https://dzen.ru/media/id/63dd27aac30ab522dcce48b3/69a9efe4c8860f221f5d231a;102812;6125;2199;550;136;52;37;0.0596;0.359;0.0618;0.0236;0.0168;дом_семья;познавательное;бытовая;нейтрально;нет;0;0;0;0;0;0;0;низкая
A111;2026-03-07;6;Идеи подарков на 8 марта;https://dzen.ru/media/id/63dd27aac30ab522dcce48b3/69aaa18e0f5a7468bd63d421;14550;877;525;574;33;8;2;0.0603;0.5986;0.0629;0.0152;0.0038;гости_праздники;польза;бытовая;читатель;нет;1;0;0;0;1;0;0;высокая
A110;2026-03-09;6;Что делать с лимоном из чая?;https://dzen.ru/media/id/63dd27aac30ab522dcce48b3/69adff8f14c4182ff737b898;1067084;115300;45094;40529;1030;232;146;0.1081;0.3911;0.0228;0.0051;0.0032;стол_еда;польза;бытовая;читатель;нет;0;0;1;0;1;1;0;высокая
A109;2026-03-10;12;Тонкости лимонного этикета;https://dzen.ru/media/id/63dd27aac30ab522dcce48b3/69afe8cd54c19f73b997c3ce;2257;37;29;38;3;0;0;0.0164;;;;;стол_еда;польза;бытовая;нейтрально;нет;0;0;0;0;1;0;0;высокая
A108;2026-03-11;6;Этикет без пафоса;https://dzen.ru/media/id/63dd27aac30ab522dcce48b3/69afecf0d6a65018c4ac905d;1009160;45154;22616;17012;891;257;69;0.0447;0.5009;0.0394;0.0114;0.0031;прочее;разъяснение_нормы;бытовая;нейтрально;нет;0;0;0;0;0;0;0;низкая
A107;2026-03-12;11;Как есть мелкую «хитрую» еду;https://dzen.ru/media/id/63dd27aac30ab522dcce48b3/69b27bdc50d2f45d98362bdf;1157655;74146;46624;42343;967;0;166;0.064;0.6288;0.0207;0.0;0.0036;стол_еда;польза;бытовая;читатель;нет;0;0;0;0;1;0;0;высокая
A106;2026-03-13;6;Топ-5 ошибок мужского образа;https://dzen.ru/media/id/63dd27aac30ab522dcce48b3/69b3342a7f84cf33ad3b33dc;317415;17315;12389;13532;250;162;44;0.0546;0.7155;0.0202;0.0131;0.0036;внешний_вид;разбор_чужого_поведения;бытовая;третьи_лица;мужчины;1;1;0;0;0;0;0;высокая
A105;2026-03-14;7;Этикет в эпоху ИИ: как вежливо общаться с человеком, если половину писем пишет нейросеть;https://dzen.ru/media/id/63dd27aac30ab522dcce48b3/69b335dc7c578d071bad91f3;14780;587;199;237;34;28;3;0.0397;0.339;0.1709;0.1407;0.0151;цифровое_общение;польза;бытовая;читатель;нет;0;0;0;0;1;0;0;высокая
A104;2026-03-15;11;Один жест сервиса, который меня покорил;https://dzen.ru/media/id/63dd27aac30ab522dcce48b3/69b5394d81119e04eff8b199;9092;690;366;279;64;24;2;0.0759;0.5304;0.1749;0.0656;0.0055;стол_еда;познавательное;бытовая;третьи_лица;нет;1;0;0;0;1;0;0;низкая
A103;2026-03-16;6;Как одеться на похороны;https://dzen.ru/media/id/63dd27aac30ab522dcce48b3/69b6ee9b00135712385c57f4;116064;10787;7328;5342;137;128;27;0.0929;0.6793;0.0187;0.0175;0.0037;внешний_вид;польза;бытовая;читатель;нет;0;0;0;0;1;0;0;высокая
A102;2026-03-17;6;Как изящно есть морепродукты;https://dzen.ru/media/id/63dd27aac30ab522dcce48b3/69b7fe203914d7783684ff9b;2040;31;19;28;3;0;0;0.0152;;;;;стол_еда;польза;бытовая;читатель;нет;0;0;0;0;1;0;0;высокая
A101;2026-03-18;6;Этикет веера;https://dzen.ru/media/id/63dd27aac30ab522dcce48b3/69b9834ea8886c3949330f51;34031;1254;434;419;43;21;8;0.0368;0.3461;0.0991;0.0484;0.0184;история_высший_свет;познавательное;узкая;нейтрально;нет;0;0;0;0;1;0;0;высокая
A100;2026-03-19;12;Организация «сырной тарелки»;https://dzen.ru/media/id/63dd27aac30ab522dcce48b3/69bbc2c1c44034744555c3ed;1276;33;16;27;3;0;0;0.0259;;;;;стол_еда;польза;бытовая;читатель;нет;0;0;0;0;1;0;0;высокая
A099;2026-03-20;6;Как избежать неловкости из-за неправильно понятой новости;https://dzen.ru/media/id/63dd27aac30ab522dcce48b3/69bc543fafa5fb3888a5dfdf;725454;12428;1757;1140;118;55;93;0.0171;0.1414;0.0672;0.0313;0.0529;отношения_общение;польза;бытовая;читатель;нет;0;1;0;0;1;0;0;высокая
A098;2026-03-21;6;Кто платит за такси?;https://dzen.ru/media/id/63dd27aac30ab522dcce48b3/69bc552c406f6a623f11b68e;878352;50219;25094;18808;410;295;61;0.0572;0.4997;0.0163;0.0118;0.0024;деньги;разъяснение_нормы;бытовая;нейтрально;нет;0;0;1;0;1;1;0;высокая
A097;2026-03-23;6;Несколько «не» за обедом;https://dzen.ru/media/id/63dd27aac30ab522dcce48b3/69c074352e14f079eedc3e6a;327330;68209;45372;23554;1530;260;106;0.2084;0.6652;0.0337;0.0057;0.0023;стол_еда;польза;бытовая;нейтрально;нет;0;1;0;0;1;0;0;высокая
A096;2026-03-24;12;Как есть мясные блюда;https://dzen.ru/media/id/63dd27aac30ab522dcce48b3/69c25bb30304c77280fb360a;2176;35;21;22;2;0;0;0.0161;;;;;стол_еда;польза;бытовая;читатель;нет;0;0;0;0;1;0;0;высокая
A095;2026-03-25;7;Информационный этикет: как за 5 минут понять главные новости дня;https://dzen.ru/media/id/63dd27aac30ab522dcce48b3/69c26d742951261a4bf2e0c9;544316;9585;1968;1483;116;31;46;0.0176;0.2053;0.0589;0.0158;0.0234;цифровое_общение;польза;бытовая;читатель;нет;1;0;0;0;1;0;0;высокая
A094;2026-03-26;13;Тонкости обращения со специями;https://dzen.ru/media/id/63dd27aac30ab522dcce48b3/69c508d288e0774576ffb340;1351;11;8;13;4;0;0;0.0081;;;;;стол_еда;польза;бытовая;читатель;нет;0;0;0;0;1;0;0;высокая
A093;2026-03-27;6;Как по этикету заказывать доставку;https://dzen.ru/media/id/63dd27aac30ab522dcce48b3/69c54337637bea447c6fd675;485704;47844;23559;25082;423;655;110;0.0985;0.4924;0.018;0.0278;0.0047;стол_еда;польза;бытовая;читатель;нет;0;0;0;0;1;0;0;низкая
A092;2026-03-28;7;Как испортить день тому, кто спит рядом;https://dzen.ru/media/id/63dd27aac30ab522dcce48b3/69c57b02552adb1e403beeea;2855138;317033;139292;105572;3976;1970;653;0.111;0.4394;0.0285;0.0141;0.0047;дом_семья;польза;бытовая;читатель;нет;0;1;0;0;1;0;0;высокая
A091;2026-03-30;6;Этикет в продуктовом магазине;https://dzen.ru/media/id/63dd27aac30ab522dcce48b3/69c974ad88e0774576ad0c36;590625;25850;14418;14788;547;524;59;0.0438;0.5578;0.0379;0.0363;0.0041;публичные_места_транспорт;польза;бытовая;нейтрально;нет;0;0;0;0;1;0;0;высокая
A090;2026-03-31;11;Аперитивы;https://dzen.ru/media/id/63dd27aac30ab522dcce48b3/69cb878f4d05b60ad9cd7da3;1522;20;7;9;3;0;0;0.0131;;;;;стол_еда;познавательное;узкая;нейтрально;нет;0;0;0;0;1;0;0;низкая
A089;2026-04-01;6;Здрасти, соседи;https://dzen.ru/media/id/63dd27aac30ab522dcce48b3/69cb8d0db58d5f0c3e830f86;970923;107697;26578;21138;686;163;174;0.1109;0.2468;0.0258;0.0061;0.0065;дом_семья;разъяснение_нормы;бытовая;нейтрально;соседи;0;0;0;0;1;1;0;низкая
A088;2026-04-02;7;Десертные приборы;https://dzen.ru/media/id/63dd27aac30ab522dcce48b3/69cb99d0b58d5f0c3ea06481;1361;21;6;7;3;0;1;0.0154;;;;;стол_еда;познавательное;узкая;нейтрально;нет;0;0;0;0;1;0;0;высокая
A087;2026-04-03;7;Традиции Вербного воскресенья: как встречают этот день в семье;https://dzen.ru/media/id/63dd27aac30ab522dcce48b3/69cb9def36d9e77fee59de5a;169399;5931;1366;1380;65;35;54;0.035;0.2303;0.0476;0.0256;0.0395;гости_праздники;познавательное;бытовая;нейтрально;нет;0;0;0;0;1;0;0;высокая
A086;2026-04-04;7;Вежливость, которая на самом деле раздражает;https://dzen.ru/media/id/63dd27aac30ab522dcce48b3/69cb9fd041594c75d035564f;591045;95361;32985;17237;881;628;120;0.1613;0.3459;0.0267;0.019;0.0036;отношения_общение;разбор_чужого_поведения;бытовая;нейтрально;нет;0;1;0;0;0;1;0;высокая
A085;2026-04-06;6;Под землей этикет не ловит;https://dzen.ru/media/id/63dd27aac30ab522dcce48b3/69d29de84c261661d6151010;63631;4845;2534;2822;129;148;7;0.0761;0.523;0.0509;0.0584;0.0028;публичные_места_транспорт;разбор_чужого_поведения;бытовая;третьи_лица;другое;0;0;0;0;1;0;0;низкая
A084;2026-04-07;11;Подача спиртных напитков: когда и с чем;https://dzen.ru/media/id/63dd27aac30ab522dcce48b3/69d4b90034d4d861b0fdda9e;1990;39;24;42;5;0;0;0.0196;;;;;стол_еда;польза;бытовая;нейтрально;нет;0;0;0;0;1;0;0;высокая
A083;2026-04-08;7;Этикет в магазине одежды;https://dzen.ru/media/id/63dd27aac30ab522dcce48b3/69d4cbd726c7cf3dc0d4ea81;142075;15167;7428;8442;204;115;22;0.1068;0.4897;0.0275;0.0155;0.003;публичные_места_транспорт;польза;бытовая;нейтрально;нет;0;0;0;0;1;0;0;высокая
A082;2026-04-09;7;Тонкости обращения с овощами;https://dzen.ru/media/id/63dd27aac30ab522dcce48b3/69d4ba111107cd05a600b875;2107;35;19;21;4;0;0;0.0166;;;;;стол_еда;польза;бытовая;нейтрально;нет;0;0;0;0;1;0;0;высокая
A081;2026-04-10;13;Яйца руками не разламывают;https://dzen.ru/media/id/63dd27aac30ab522dcce48b3/69d8cb6fe78b8c086e5b8519;71271;2234;1174;471;112;53;23;0.0313;0.5255;0.0954;0.0451;0.0196;стол_еда;разъяснение_нормы;бытовая;нейтрально;нет;0;1;0;0;1;1;0;высокая
A080;2026-04-11;6;В чем разница между русской и европейской сервировкой?;https://dzen.ru/media/id/63dd27aac30ab522dcce48b3/69d7ce5bb5a80b525862a2f1;27173;1975;970;1552;103;33;7;0.0727;0.4911;0.1062;0.034;0.0072;стол_еда;познавательное;узкая;нейтрально;нет;0;0;1;0;1;0;0;высокая
A079;2026-04-13;6;Что делать, если ваше окружение далеко от этикета?;https://dzen.ru/media/id/63dd27aac30ab522dcce48b3/69dbf59f5151071d55398701;407368;16589;8619;10122;652;249;56;0.0407;0.5196;0.0756;0.0289;0.0065;отношения_общение;польза;бытовая;читатель;другое;0;1;1;1;0;0;0;высокая
A078;2026-04-14;12;Что делать с косточкой?;https://dzen.ru/media/id/63dd27aac30ab522dcce48b3/69de053b6a5aac3c674439c9;4687;200;106;115;5;0;2;0.0427;0.53;0.0472;0.0;0.0189;стол_еда;польза;бытовая;читатель;нет;0;0;1;0;1;0;0;высокая
A077;2026-04-15;10;Что надеть на работу?;https://dzen.ru/media/id/63dd27aac30ab522dcce48b3/69de08b8a6684003ee8018b8;23274;1846;899;1098;84;57;4;0.0793;0.487;0.0934;0.0634;0.0044;внешний_вид;польза;бытовая;читатель;нет;0;0;1;0;0;0;0;высокая
A076;2026-04-16;13;Шампанское с утра. Зачем?;https://dzen.ru/media/id/63dd27aac30ab522dcce48b3/69e0b9b74e425a1d553b5fd1;96322;12803;9245;8153;617;0;36;0.1329;0.7221;0.0667;0.0;0.0039;стол_еда;разъяснение_нормы;узкая;нейтрально;нет;0;0;1;0;1;0;0;высокая
A075;2026-04-17;7;Скучать по или скучать за?;https://dzen.ru/media/id/63dd27aac30ab522dcce48b3/69e0d3f173d9690519460243;34438;2205;1024;1039;96;129;5;0.064;0.4644;0.0938;0.126;0.0049;отношения_общение;разъяснение_нормы;бытовая;нейтрально;нет;0;0;1;0;1;1;0;высокая
A074;2026-04-18;7;Как принимать гостей в квартире;https://dzen.ru/media/id/63dd27aac30ab522dcce48b3/69e0d90b1851bd6b6f3cb7f2;2864643;385068;164775;138509;2104;935;570;0.1344;0.4279;0.0128;0.0057;0.0035;гости_праздники;польза;бытовая;читатель;нет;0;0;0;0;1;0;0;высокая
A073;2026-04-20;15;Повод поехать в Великий Новгород: выставка «Храмы Земли Русской» до 17 мая;https://dzen.ru/media/id/63dd27aac30ab522dcce48b3/69e61d3420cb0c0c82b3ec0d;5752;152;66;73;25;18;0;0.0264;0.4342;;;;прочее;познавательное;узкая;нейтрально;нет;1;0;0;0;1;0;0;высокая
A072;2026-04-21;13;Четыре зоны тарелки;https://dzen.ru/media/id/63dd27aac30ab522dcce48b3/69e748423dba43770d5b3309;1771;30;22;37;3;0;0;0.0169;;;;;стол_еда;разъяснение_нормы;узкая;нейтрально;нет;1;0;0;0;1;0;0;высокая
A071;2026-04-22;7;Вы неправильно чихаете;https://dzen.ru/media/id/63dd27aac30ab522dcce48b3/69e75284a1a9b957474d3680;275416;9159;4665;5995;279;102;17;0.0333;0.5093;0.0598;0.0219;0.0036;прочее;польза;бытовая;читатель;нет;0;1;0;1;1;1;0;высокая
A070;2026-04-23;13;Почему чашку держат именно так;https://dzen.ru/media/id/63dd27aac30ab522dcce48b3/69e9f3b6ea98285a8015046a;307574;26925;16875;12848;356;0;51;0.0875;0.6267;0.0211;0.0;0.003;стол_еда;разъяснение_нормы;бытовая;нейтрально;нет;0;0;1;0;1;0;0;высокая
A069;2026-04-24;6;Если вы заметили, что собеседник забыл ваше имя;https://dzen.ru/media/id/63dd27aac30ab522dcce48b3/69ea039cdeaa9d1e1eb56f5b;30484;5624;3222;1736;417;104;13;0.1845;0.5729;0.1294;0.0323;0.004;отношения_общение;польза;бытовая;читатель;нет;0;0;0;1;1;0;0;высокая
A068;2026-04-25;6;Почему не стоит писать «Доброго времени суток»?;https://dzen.ru/media/id/63dd27aac30ab522dcce48b3/69ea0422f3e3fa0b120fb45c;1347421;84425;28007;26786;671;992;182;0.0627;0.3317;0.024;0.0354;0.0065;цифровое_общение;разъяснение_нормы;бытовая;читатель;нет;0;1;1;0;1;1;0;высокая
A067;2026-04-27;6;Как всегда выглядеть элегантно;https://dzen.ru/media/id/63dd27aac30ab522dcce48b3/69ee7ac65b5f074ecdae648f;61319;7780;3528;4714;243;117;22;0.1269;0.4535;0.0689;0.0332;0.0062;внешний_вид;польза;бытовая;читатель;нет;0;0;0;0;0;0;0;высокая
A066;2026-04-28;9;Сервировка BMW;https://dzen.ru/media/id/63dd27aac30ab522dcce48b3/69f04f142643861053ea94cc;1765;42;11;18;4;0;0;0.0238;;;;;стол_еда;польза;бытовая;читатель;нет;0;0;0;0;1;0;0;высокая
A065;2026-04-29;7;Как празднуют 1 мая в разных странах;https://dzen.ru/media/id/63dd27aac30ab522dcce48b3/69f1245757a5ad04e57018a2;8015;252;77;90;19;21;0;0.0314;0.3056;;;;гости_праздники;познавательное;бытовая;нейтрально;нет;1;0;0;0;1;0;0;высокая
A064;2026-04-30;9;Правило ножа;https://dzen.ru/media/id/63dd27aac30ab522dcce48b3/69f2f77910d44e45047c5e19;5799;210;143;131;7;0;0;0.0362;0.681;0.049;0.0;0.0;стол_еда;польза;бытовая;нейтрально;нет;0;0;0;0;1;0;0;высокая
A063;2026-05-01;7;Принципы этикета в конфликтных ситуациях;https://dzen.ru/media/id/63dd27aac30ab522dcce48b3/69f2fb47b0394c6175f709f2;19350;1216;737;897;66;55;2;0.0628;0.6061;0.0896;0.0746;0.0027;отношения_общение;польза;бытовая;нейтрально;нет;0;0;0;0;1;0;0;высокая
A062;2026-05-02;6;Топ-5 антиэтикетных повседневных действий;https://dzen.ru/media/id/63dd27aac30ab522dcce48b3/69f2fc10b0394c6175f81508;1164110;110631;74693;53848;2016;723;252;0.095;0.6752;0.027;0.0097;0.0034;прочее;разбор_чужого_поведения;бытовая;нейтрально;нет;1;1;0;0;0;1;0;высокая
A061;2026-05-04;12;Марокко: между роскошью медины и ритмом нового города;https://dzen.ru/media/id/63dd27aac30ab522dcce48b3/69f863d29e653d7783774f26;12534;628;389;575;39;116;1;0.0501;0.6194;0.1003;0.2982;0.0026;прочее;познавательное;узкая;нейтрально;нет;0;0;0;0;1;0;0;высокая
A060;2026-05-05;11;Использованные столовые приборы;https://dzen.ru/media/id/63dd27aac30ab522dcce48b3/69f9acf6a38e126ba1bc7de7;2773;60;30;16;1;0;0;0.0216;;;;;стол_еда;польза;бытовая;нейтрально;нет;0;0;0;0;1;0;0;высокая
A059;2026-05-06;7;Что мы делаем не так 9 мая;https://dzen.ru/media/id/63dd27aac30ab522dcce48b3/69f9e61266544869fb77b708;13526;2144;939;603;129;84;2;0.1585;0.438;0.1374;0.0895;0.0021;гости_праздники;польза;бытовая;нейтрально;нет;0;1;1;0;1;0;0;высокая
A058;2026-05-07;7;Правила передачи блюд;https://dzen.ru/media/id/63dd27aac30ab522dcce48b3/69f9e8fe9e653d7783345579;2765;28;19;17;2;0;0;0.0101;;;;;стол_еда;польза;бытовая;нейтрально;нет;0;0;0;0;1;0;0;высокая
A057;2026-05-08;7;Правила деловой прически;https://dzen.ru/media/id/63dd27aac30ab522dcce48b3/69fd2a9eb664315096347adb;320124;28936;15215;13699;273;92;45;0.0904;0.5258;0.0179;0.006;0.003;внешний_вид;польза;бытовая;нейтрально;нет;0;0;0;0;1;0;0;высокая
A056;2026-05-09;6;5 обидных для собеседника фраз;https://dzen.ru/media/id/63dd27aac30ab522dcce48b3/69fe8a0a15156b27f12c9587;2024144;176823;87882;57632;1254;510;327;0.0874;0.497;0.0143;0.0058;0.0037;отношения_общение;польза;бытовая;читатель;нет;1;1;0;0;0;0;0;высокая
A055;2026-05-11;7;5 правил повседневной элегантности;https://dzen.ru/media/id/63dd27aac30ab522dcce48b3/6a00b9431babcd215f208a6d;363461;31996;18175;16013;643;118;48;0.088;0.568;0.0354;0.0065;0.0026;внешний_вид;польза;бытовая;нейтрально;нет;1;0;0;0;0;0;0;высокая
A054;2026-05-12;14;Как элегантно сидеть за столом;https://dzen.ru/media/id/63dd27aac30ab522dcce48b3/6a030e9c15156b27f1351bb2;4817;112;75;84;7;0;0;0.0233;0.6696;;;;стол_еда;польза;бытовая;читатель;нет;0;0;0;0;1;0;0;высокая
A053;2026-05-13;7;Этикет в гостях с ночевкой на даче;https://dzen.ru/media/id/63dd27aac30ab522dcce48b3/6a03a5607630a14b800255ed;3534182;392445;215121;225445;5408;1686;913;0.111;0.5482;0.0251;0.0078;0.0042;гости_праздники;польза;бытовая;нейтрально;нет;0;0;0;0;1;0;0;высокая
A052;2026-05-14;7;Застольный этикет: финальная глава;https://dzen.ru/media/id/63dd27aac30ab522dcce48b3/6a038811570c2d44d953efd5;2829;39;8;14;4;0;0;0.0138;;;;;стол_еда;польза;бытовая;нейтрально;нет;0;0;0;0;0;0;1;высокая
A051;2026-05-15;6;Топ-5 правил этикета в общении с семьей;https://dzen.ru/media/id/63dd27aac30ab522dcce48b3/6a05d55d7a176c57a86bf946;52773;5092;2682;4076;292;139;26;0.0965;0.5267;0.1089;0.0518;0.0097;дом_семья;польза;бытовая;читатель;нет;1;0;0;0;0;0;0;высокая
A050;2026-05-16;7;3 правила изящной речи;https://dzen.ru/media/id/63dd27aac30ab522dcce48b3/6a06522aa62f460406862144;466875;31555;16117;17174;803;255;83;0.0676;0.5108;0.0498;0.0158;0.0051;отношения_общение;польза;бытовая;читатель;нет;1;0;0;0;0;0;0;высокая
A049;2026-05-18;6;Светская жизнь Петербурга: 18 – 24 мая;https://dzen.ru/media/id/63dd27aac30ab522dcce48b3/6a09c6b03dcba176c3838b16;7607;238;86;117;237;49;41;0.0313;0.3613;;;;история_высший_свет;познавательное;узкая;нейтрально;нет;1;0;0;0;1;0;1;высокая
A048;2026-05-19;11;Как поддержать разговор об искусстве, даже если вы не искусствовед;https://dzen.ru/media/id/63dd27aac30ab522dcce48b3/6a0c1ad55030b312793e1a56;84251;4381;2116;3108;191;0;14;0.052;0.483;0.0903;0.0;0.0066;отношения_общение;польза;бытовая;читатель;нет;0;0;0;1;1;0;0;высокая
A047;2026-05-20;8;Как выключить музыку у соседей и не испортить отношения;https://dzen.ru/media/id/63dd27aac30ab522dcce48b3/6a0d402219a063237298f9a5;32231;5171;2999;2039;256;129;11;0.1604;0.58;0.0854;0.043;0.0037;дом_семья;польза;бытовая;читатель;соседи;0;1;0;0;1;0;0;высокая
A046;2026-05-21;11;5 ice breakers для светского вечера;https://dzen.ru/media/id/63dd27aac30ab522dcce48b3/6a0ec1e3e3becd0bfc57cc16;4424;176;120;177;22;25;0;0.0398;0.6818;0.1833;0.2083;0.0;отношения_общение;польза;узкая;читатель;нет;1;0;0;0;1;0;0;высокая
A045;2026-05-22;13;Гид по фруктовому этикету;https://dzen.ru/media/id/63dd27aac30ab522dcce48b3/6a0ec3c285026874bbc35d6f;318622;26354;13600;20642;289;154;35;0.0827;0.5161;0.0213;0.0113;0.0026;стол_еда;польза;бытовая;читатель;нет;0;0;0;0;1;0;0;высокая
A044;2026-05-23;6;Как выдержать войну за дачные границы;https://dzen.ru/media/id/63dd27aac30ab522dcce48b3/6a10380d0beca04a2bdba9be;14636;1540;1044;837;67;40;2;0.1052;0.6779;0.0642;0.0383;0.0019;дом_семья;польза;бытовая;читатель;соседи;0;1;0;0;1;0;0;высокая
A043;2026-05-25;7;Светская жизнь Петербурга: 25-31 мая;https://dzen.ru/media/id/63dd27aac30ab522dcce48b3/6a13d700c569140ae11dff8c;5685;179;45;79;78;34;14;0.0315;0.2514;;;;история_высший_свет;познавательное;узкая;нейтрально;нет;1;0;0;0;1;0;1;высокая
A042;2026-05-26;7;Как поддержать small talk на ужине, открытии или премьере;https://dzen.ru/media/id/63dd27aac30ab522dcce48b3/6a14b4e6ad71e4211b56261f;30625;2895;1750;2719;132;65;5;0.0945;0.6045;0.0754;0.0371;0.0029;отношения_общение;польза;узкая;читатель;нет;0;0;0;0;1;0;0;высокая
A041;2026-05-27;6;Цифровая этика в школе;https://dzen.ru/media/id/63dd27aac30ab522dcce48b3/6a161920839cb04b4f4f97ad;157543;1074;229;128;23;52;16;0.0068;0.2132;0.1004;0.2271;0.0699;цифровое_общение;польза;бытовая;нейтрально;нет;0;0;0;0;1;0;0;низкая
A040;2026-05-28;6;Как превратить культурный выход в полезное знакомство;https://dzen.ru/media/id/63dd27aac30ab522dcce48b3/6a170968e9db2d1622fb0dd7;15185;999;509;925;62;61;6;0.0658;0.5095;0.1218;0.1198;0.0118;отношения_общение;польза;бытовая;читатель;нет;0;0;0;0;1;0;0;высокая
A039;2026-05-29;6;Этикет чувств: чему учит стихотворение Ахматовой спустя сто лет;https://dzen.ru/media/id/63dd27aac30ab522dcce48b3/6a18a6985d42dc291f3b0370;508681;32672;15354;14049;551;178;91;0.0642;0.4699;0.0359;0.0116;0.0059;отношения_общение;познавательное;бытовая;нейтрально;нет;1;0;0;0;1;0;0;высокая
A038;2026-05-30;6;Святой Пантелеймон;https://dzen.ru/media/id/63dd27aac30ab522dcce48b3/6a18aa9986215e0d9ed759f7;8972;392;138;163;35;34;0;0.0437;0.352;0.2536;0.2464;0.0;прочее;познавательное;узкая;нейтрально;нет;0;0;0;0;1;0;0;низкая
A037;2026-06-01;10;Светская жизнь Петербурга: 1-7 июня;https://dzen.ru/media/id/63dd27aac30ab522dcce48b3/6a1d3612562fd931d7613ab3;85887;907;218;69;116;27;17;0.0106;0.2404;0.5321;0.1239;0.078;история_высший_свет;познавательное;узкая;нейтрально;нет;1;0;0;0;1;0;1;высокая
A035;2026-06-02;15;«Письмо матери» Есенина: стихотворение, которое учит самому сложному;https://dzen.ru/media/id/63dd27aac30ab522dcce48b3/6a1e0cd5b55b73423d4b7bc7;209994;9774;6119;3245;126;148;12;0.0465;0.626;0.0206;0.0242;0.002;прочее;познавательное;узкая;нейтрально;нет;0;0;0;0;1;0;0;высокая
A036;2026-06-02;6;Русский императив: выставка, о которой все говорят;https://dzen.ru/media/id/63dd27aac30ab522dcce48b3/6a1e0c5ea2c26b6c9fea4fbb;6296;378;221;270;24;25;1;0.06;0.5847;0.1086;0.1131;0.0045;история_высший_свет;познавательное;узкая;нейтрально;нет;0;0;0;0;1;0;0;высокая
A034;2026-06-03;6;Почему я перечитываю «Евгения Онегина» во взрослом возрасте;https://dzen.ru/media/id/63dd27aac30ab522dcce48b3/6a1e0be2de7360241c338161;21586;640;344;383;59;64;3;0.0296;0.5375;0.1715;0.186;0.0087;прочее;познавательное;узкая;нейтрально;нет;0;0;0;0;1;0;0;высокая
A033;2026-06-04;14;Соседи против шашлычников;https://dzen.ru/media/id/63dd27aac30ab522dcce48b3/6a215a02a1da0e2b86550175;998951;163517;61051;57459;481;843;177;0.1637;0.3734;0.0079;0.0138;0.0029;дом_семья;разбор_чужого_поведения;бытовая;третьи_лица;соседи;0;1;0;0;1;0;0;высокая
A032;2026-06-05;7;Как задавать вопросы, чтобы с вами хотели продолжать разговор;https://dzen.ru/media/id/63dd27aac30ab522dcce48b3/6a21fa45dbd1b65a7332e883;255228;27676;14320;19610;499;95;123;0.1084;0.5174;0.0348;0.0066;0.0086;отношения_общение;польза;бытовая;читатель;нет;0;0;0;1;1;0;0;высокая
A031;2026-06-06;6;Как одеться элегантно по этикету;https://dzen.ru/media/id/63dd27aac30ab522dcce48b3/6a21fb03f060b8028d902c37;15807;1111;614;717;67;145;2;0.0703;0.5527;0.1091;0.2362;0.0033;внешний_вид;польза;бытовая;читатель;нет;0;0;0;0;0;0;0;высокая
A030;2026-06-08;12;Светская жизнь Петербурга: 8-14 июня;https://dzen.ru/media/id/63dd27aac30ab522dcce48b3/6a2686e13e9e7a7e67e13ee6;144413;1674;382;61;20;48;15;0.0116;0.2282;0.0524;0.1257;0.0393;история_высший_свет;познавательное;узкая;нейтрально;нет;1;0;0;0;1;0;1;высокая
A029;2026-06-09;11;Новый ресторанный этикет: что уже считается дурным тоном;https://dzen.ru/media/id/63dd27aac30ab522dcce48b3/6a27cac0450551402d26432a;628132;121496;73060;40892;1678;551;395;0.1934;0.6013;0.023;0.0075;0.0054;стол_еда;разъяснение_нормы;бытовая;нейтрально;нет;0;1;0;0;1;1;0;высокая
A028;2026-06-10;10;Можно ли плакать на публике?;https://dzen.ru/media/id/63dd27aac30ab522dcce48b3/6a290c7bc274e95afa476c54;11225;1289;823;608;108;88;1;0.1148;0.6385;0.1312;0.1069;0.0012;публичные_места_транспорт;разъяснение_нормы;бытовая;читатель;нет;0;0;1;0;1;1;0;высокая
A027;2026-06-11;12;Ошибки, которые сразу выдают человека не из светской среды;https://dzen.ru/media/id/63dd27aac30ab522dcce48b3/6a2a7fe832fc990f33f47254;595458;115094;68176;44419;1658;667;271;0.1933;0.5924;0.0243;0.0098;0.004;история_высший_свет;разбор_чужого_поведения;узкая;третьи_лица;другое;0;1;0;0;1;0;0;высокая
A026;2026-06-12;6;5 вещей на даче, которые воспитанные люди никогда не делают;https://dzen.ru/media/id/63dd27aac30ab522dcce48b3/6a2a8ae46514515979eb8464;585679;103293;55231;30385;1430;770;334;0.1764;0.5347;0.0259;0.0139;0.006;дом_семья;польза;бытовая;читатель;нет;1;1;0;0;1;0;0;высокая
A025;2026-06-13;6;Нормально ли не любить классику;https://dzen.ru/media/id/63dd27aac30ab522dcce48b3/6a2a8b73403fe12f4bb3f309;54720;2054;1153;1562;138;217;7;0.0375;0.5613;0.1197;0.1882;0.0061;прочее;разъяснение_нормы;бытовая;читатель;нет;0;0;1;0;1;1;0;высокая
A024;2026-06-15;9;Светская жизнь Петербурга: 15-21 июня;https://dzen.ru/media/id/63dd27aac30ab522dcce48b3/6a2f9fa032fc990f336ce09b;56064;595;148;232;19;79;3;0.0106;0.2487;0.1284;0.5338;0.0203;история_высший_свет;познавательное;узкая;нейтрально;нет;1;0;0;0;1;0;1;высокая
A023;2026-06-16;11;Дачный этикет умер?;https://dzen.ru/media/id/63dd27aac30ab522dcce48b3/6a310ae297011e4b94d08122;15430;1730;1035;735;112;100;4;0.1121;0.5983;0.1082;0.0966;0.0039;дом_семья;разбор_чужого_поведения;бытовая;третьи_лица;нет;0;1;1;0;1;0;0;высокая
A022;2026-06-17;12;Этикет в автобусе;https://dzen.ru/media/id/63dd27aac30ab522dcce48b3/6a3262a50ba5787101444fa9;48672;5411;4037;3697;169;182;5;0.1112;0.7461;0.0419;0.0451;0.0012;публичные_места_транспорт;польза;бытовая;нейтрально;нет;0;0;0;0;1;0;0;высокая
A021;2026-06-19;11;Нужно ли извиняться, если ты прав;https://dzen.ru/media/id/63dd27aac30ab522dcce48b3/6a34fdd15ebf3519ec9f4c01;27372;2101;1137;1627;120;90;5;0.0768;0.5412;0.1055;0.0792;0.0044;отношения_общение;разъяснение_нормы;бытовая;читатель;нет;0;0;1;0;1;1;0;высокая
A020;2026-06-22;11;Светская жизнь Петербурга: 22-28 июня;https://dzen.ru/media/id/63dd27aac30ab522dcce48b3/6a38f206665bf6072bb69970;172640;2085;322;161;29;22;7;0.0121;0.1544;0.0901;0.0683;0.0217;история_высший_свет;познавательное;узкая;нейтрально;нет;1;0;0;0;1;0;1;высокая
A019;2026-06-23;13;Кто оплачивает пикник?;https://dzen.ru/media/id/63dd27aac30ab522dcce48b3/6a3a64f8ad24ae75861f981b;1375976;110238;46005;36630;728;740;298;0.0801;0.4173;0.0158;0.0161;0.0065;деньги;польза;бытовая;нейтрально;нет;0;0;1;0;1;1;0;высокая
A018;2026-06-24;11;Истерика в ресторане – это манипуляция или глупость?;https://dzen.ru/media/id/63dd27aac30ab522dcce48b3/6a3b9464aa314c580e2fd1b1;19159;2812;1323;783;105;83;3;0.1468;0.4705;0.0794;0.0627;0.0023;стол_еда;разбор_чужого_поведения;бытовая;третьи_лица;другое;0;1;1;0;1;0;0;высокая
A017;2026-06-26;6;Как не потерять лицо в битве за борщевик (и любые джунгли);https://dzen.ru/media/id/63dd27aac30ab522dcce48b3/6a3da678d9b57f6d8a92204f;6965;515;277;127;36;73;0;0.0739;0.5379;0.13;0.2635;0.0;отношения_общение;польза;бытовая;читатель;нет;0;1;0;0;1;0;0;высокая
A016;2026-06-28;12;Этикет за самоваром: чему нас до сих пор учат Маковские;https://dzen.ru/media/id/63dd27aac30ab522dcce48b3/6a40eee530865c46a915e26b;176552;1904;891;1005;88;52;8;0.0108;0.468;0.0988;0.0584;0.009;стол_еда;познавательное;узкая;нейтрально;нет;0;0;0;0;1;0;0;высокая
A015;2026-06-29;5;Светская жизнь Петербурга: 29 июня – 5 июля;https://dzen.ru/media/id/63dd27aac30ab522dcce48b3/6a41918f47d3cf6b48b4605d;60259;520;117;185;24;29;4;0.0086;0.225;0.2051;0.2479;0.0342;история_высший_свет;познавательное;узкая;нейтрально;нет;1;0;0;0;1;0;1;высокая
A014;2026-06-30;6;Дачные долги или шуруповерт «до завтра»;https://dzen.ru/media/id/63dd27aac30ab522dcce48b3/6a42dc418bfc1715296b41a8;20006;4457;2728;1533;95;48;7;0.2228;0.6121;0.0348;0.0176;0.0026;деньги;разъяснение_нормы;бытовая;нейтрально;соседи;0;0;0;0;1;1;0;низкая
A013;2026-07-01;6;Когда супруга перестает быть женой;https://dzen.ru/media/id/63dd27aac30ab522dcce48b3/6a4404db17f7ac487ba10644;11252536;1262546;626654;332613;4822;1904;2502;0.1122;0.4963;0.0077;0.003;0.004;дом_семья;разъяснение_нормы;бытовая;нейтрально;нет;0;0;0;0;0;0;0;низкая
A012;2026-07-03;6;«Сорри за войс» - этикет в мессенджерах;https://dzen.ru/media/id/63dd27aac30ab522dcce48b3/6a46df985ec2671d970addcf;39778;3843;2214;2947;163;120;15;0.0966;0.5761;0.0736;0.0542;0.0068;цифровое_общение;польза;бытовая;нейтрально;нет;0;0;0;0;1;1;0;высокая
A011;2026-07-06;5;Светская жизнь Петербурга: 6-12 июля;https://dzen.ru/media/id/63dd27aac30ab522dcce48b3/6a4adc9f2b36b82950796a04;71410;658;122;177;28;23;2;0.0092;0.1854;0.2295;0.1885;0.0164;история_высший_свет;познавательное;узкая;нейтрально;нет;1;0;0;0;1;0;1;высокая
A010;2026-07-07;12;Можно ли не дружить с соседями;https://dzen.ru/media/id/63dd27aac30ab522dcce48b3/6a4cc7d2bab9cd47ce55dddc;1617779;106840;62601;55008;1453;770;246;0.066;0.5859;0.0232;0.0123;0.0039;дом_семья;разъяснение_нормы;бытовая;читатель;нет;0;0;1;0;1;0;0;высокая
A009;2026-07-08;6;Как элегантно раздеться в городе, чтобы позагорать;https://dzen.ru/media/id/63dd27aac30ab522dcce48b3/6a4ce8e95e72ba3125f78af7;12169;1168;513;534;57;110;5;0.096;0.4392;0.1111;0.2144;0.0097;публичные_места_транспорт;польза;бытовая;читатель;нет;0;0;0;0;1;1;0;высокая
A008;2026-07-10;6;Нормально ли не любить театр?;https://dzen.ru/media/id/63dd27aac30ab522dcce48b3/6a4ce9ab23afe7791709c31d;17885;1403;646;848;79;109;2;0.0784;0.4604;0.1223;0.1687;0.0031;прочее;разъяснение_нормы;бытовая;читатель;нет;0;0;1;0;1;1;0;низкая
A007;2026-07-13;12;Светская жизнь Петербурга: 13-19 июля;https://dzen.ru/media/id/63dd27aac30ab522dcce48b3/6a54ad54dc87c335f3d3f331;63774;493;77;154;21;7;9;0.0077;0.1562;;;;история_высший_свет;познавательное;узкая;нейтрально;нет;1;0;0;0;1;0;1;высокая
A006;2026-07-14;11;Как вежливо отказать соседу на даче;https://dzen.ru/media/id/63dd27aac30ab522dcce48b3/6a55f3f2077fdc3319dd9e45;4751764;587489;349832;276456;3750;2222;1362;0.1236;0.5955;0.0107;0.0064;0.0039;отношения_общение;польза;бытовая;читатель;соседи;0;0;0;0;1;0;0;высокая
A005;2026-07-15;10;Этикет общения в мессенджерах;https://dzen.ru/media/id/63dd27aac30ab522dcce48b3/6a5735297cd0c57ca147691f;7812;558;281;305;49;88;0;0.0714;0.5036;0.1744;0.3132;0.0;цифровое_общение;польза;бытовая;нейтрально;нет;0;0;0;0;1;0;0;высокая
A004;2026-07-17;14;Дачный этикет детей: что родители должны объяснить еще до поездки за город;https://dzen.ru/media/id/63dd27aac30ab522dcce48b3/6a5a13ea8d8abc0ac8850358;22724;2139;1258;1465;76;67;7;0.0941;0.5881;0.0604;0.0533;0.0056;дом_семья;польза;бытовая;читатель;нет;0;0;0;0;1;0;0;высокая
A003;2026-07-20;10;Светская жизнь Петербурга: 20-26 июля;https://dzen.ru/media/id/63dd27aac30ab522dcce48b3/6a5dcbf26d8e995c249120c4;29328;281;56;102;13;11;2;0.0096;0.1993;;;;история_высший_свет;познавательное;узкая;нейтрально;нет;1;0;0;0;1;0;1;высокая
A002;2026-07-21;11;Искусство быть петербуржцем;https://dzen.ru/media/id/63dd27aac30ab522dcce48b3/6a5f2b69a803da6867ca52e0;14189;1224;854;1178;77;94;6;0.0863;0.6977;0.0902;0.1101;0.007;прочее;познавательное;бытовая;нейтрально;нет;0;0;0;0;1;0;0;низкая
A001;2026-07-22;9;Этикет дачных подарков: что привозить в гости, а что считается дурным тоном;https://dzen.ru/media/id/63dd27aac30ab522dcce48b3/6a60671e06178a60e494f436;284675;56313;37523;18959;379;361;90;0.1978;0.6663;0.0101;0.0096;0.0024;гости_праздники;польза;бытовая;читатель;нет;0;1;0;0;1;1;0;высокая
A000;2026-07-24;13;Лицемерная помощь;https://dzen.ru/media/id/63dd27aac30ab522dcce48b3/6a6340679e17237ef9dd0aff;4285;746;432;0;60;234;0;0.1741;0.5791;0.1389;0.5417;0.0;отношения_общение;разбор_чужого_поведения;бытовая;третьи_лица;другое;0;1;0;0;0;0;0;низкая
